,CandID,Open Races
0,51506.0,
1,27841.0,
2,283942.0,
3,283945.0,
4,283943.0,
5,283944.0,
6,355290.0,1.0
7,153129.0,7.0
8,191073.0,
9,191074.0,
10,88011.0,
11,47035.0,2.0
12,46143.0,2.0
13,191072.0,1.0
14,45786.0,1.0
15,48385.0,1.0
16,219930.0,1.0
17,215846.0,2.0
18,220132.0,1.0
19,225647.0,
20,273283.0,
21,339075.0,
22,202493.0,
23,101356.0,2.0
24,202494.0,
25,224503.0,
26,13767.0,2.0
27,224504.0,
28,13264.0,
29,224505.0,
30,224506.0,
31,13259.0,
32,497.0,3.0
33,110712.0,1.0
34,101362.0,1.0
35,101363.0,1.0
36,23062.0,1.0
37,101364.0,1.0
38,156300.0,1.0
39,30530.0,7.0
40,96625.0,1.0
41,94012.0,1.0
42,101357.0,1.0
43,101358.0,1.0
44,101359.0,1.0
45,101360.0,1.0
46,93979.0,1.0
47,94011.0,1.0
48,93988.0,1.0
49,130304.0,
50,3042.0,
51,22593.0,
52,217502.0,
53,348976.0,
54,225515.0,1.0
55,225525.0,
56,225518.0,2.0
57,225524.0,1.0
58,225522.0,
59,225523.0,
60,225516.0,1.0
61,225517.0,1.0
62,138825.0,1.0
63,1837.0,
64,225519.0,
65,225520.0,
66,7718.0,2.0
67,225521.0,1.0
68,225510.0,
69,8096.0,2.0
70,14987.0,1.0
71,191.0,
72,225511.0,
73,225513.0,2.0
74,225512.0,1.0
75,225514.0,1.0
76,313166.0,
77,359332.0,
78,89153.0,2.0
79,133188.0,
80,89158.0,
81,16007.0,1.0
82,89159.0,1.0
83,89164.0,4.0
84,105336.0,1.0
85,89161.0,1.0
86,89166.0,1.0
87,75835.0,1.0
88,89160.0,1.0
89,212372.0,1.0
90,91902.0,2.0
91,137923.0,
92,302314.0,
93,382246.0,
94,382247.0,
95,3613.0,2.0
96,245447.0,1.0
97,315100.0,1.0
98,315101.0,1.0
99,136278.0,1.0
100,250654.0,1.0
101,250653.0,1.0
102,257978.0,1.0
103,356336.0,
104,460.0,
105,133198.0,
106,214148.0,2.0
107,275195.0,
108,275196.0,
109,229020.0,
110,275197.0,
111,275198.0,
112,20248.0,2.0
113,229021.0,
114,229019.0,
115,229022.0,
116,92754.0,
117,135062.0,1.0
118,133513.0,1.0
119,275192.0,1.0
120,208167.0,2.0
121,275193.0,1.0
122,68728.0,1.0
123,275194.0,1.0
124,9095.0,2.0
125,9092.0,5.0
126,201440.0,1.0
127,201444.0,1.0
128,201442.0,1.0
129,201445.0,1.0
130,135060.0,1.0
131,16301.0,1.0
132,201446.0,1.0
133,9097.0,1.0
134,201441.0,1.0
135,201447.0,1.0
136,201443.0,1.0
137,275187.0,
138,19075.0,
139,275185.0,
140,275191.0,
141,275190.0,
142,275189.0,
143,275186.0,
144,275188.0,
145,9093.0,2.0
146,127950.0,2.0
147,201437.0,1.0
148,6787.0,1.0
149,19042.0,1.0
150,26.0,1.0
151,201436.0,1.0
152,201439.0,1.0
153,201438.0,1.0
154,9098.0,
155,9094.0,
156,2560.0,1.0
157,9099.0,
158,2569.0,
159,9096.0,
160,138.0,
161,127951.0,1.0
162,208164.0,2.0
163,19079.0,2.0
164,208165.0,1.0
165,208166.0,1.0
166,208163.0,2.0
167,208878.0,1.0
168,208169.0,1.0
169,208877.0,1.0
170,208875.0,1.0
171,208876.0,1.0
172,208171.0,1.0
173,208874.0,1.0
174,184980.0,1.0
175,19082.0,
176,345810.0,
177,68684.0,
178,345814.0,
179,345809.0,
180,345815.0,
181,312620.0,
182,345811.0,
183,345812.0,
184,345813.0,
185,81030.0,
186,9014.0,
187,101006.0,
188,94961.0,
189,213560.0,1.0
190,119037.0,2.0
191,207764.0,1.0
192,213562.0,1.0
193,223073.0,1.0
194,213561.0,1.0
195,213559.0,2.0
196,223074.0,1.0
197,336938.0,
198,336937.0,
199,336936.0,
200,336935.0,
201,208726.0,6.0
202,208731.0,
203,208732.0,
204,208733.0,
205,208730.0,1.0
206,208729.0,1.0
207,208728.0,
208,208727.0,1.0
209,252026.0,1.0
210,259384.0,1.0
211,165197.0,1.0
212,363791.0,2.0
213,363792.0,1.0
214,363793.0,1.0
215,363794.0,1.0
216,363795.0,1.0
217,258048.0,2.0
218,258049.0,2.0
219,258054.0,
220,258050.0,1.0
221,258051.0,1.0
222,258052.0,1.0
223,330981.0,
224,330982.0,
225,360411.0,1.0
226,360412.0,1.0
227,246286.0,1.0
228,4197.0,3.0
229,246291.0,2.0
230,246293.0,1.0
231,246294.0,1.0
232,246295.0,1.0
233,296099.0,4.0
234,18772.0,2.0
235,296106.0,1.0
236,296105.0,1.0
237,296103.0,1.0
238,94806.0,1.0
239,296104.0,1.0
240,15672.0,5.0
241,38179.0,1.0
242,167867.0,2.0
243,30030.0,1.0
244,296098.0,1.0
245,296097.0,1.0
246,296101.0,1.0
247,163182.0,3.0
248,296102.0,1.0
249,296100.0,1.0
250,278722.0,1.0
251,258949.0,1.0
252,296096.0,1.0
253,8416.0,3.0
254,296094.0,2.0
255,230850.0,1.0
256,296095.0,1.0
257,203322.0,1.0
258,25068.0,1.0
259,293569.0,1.0
260,163170.0,1.0
261,163171.0,1.0
262,163172.0,2.0
263,72604.0,1.0
264,25569.0,1.0
265,94791.0,1.0
266,163173.0,2.0
267,163174.0,2.0
268,163175.0,2.0
269,163176.0,4.0
270,163177.0,2.0
271,163178.0,1.0
272,22986.0,1.0
273,163184.0,1.0
274,163181.0,1.0
275,163180.0,1.0
276,163183.0,1.0
277,163185.0,2.0
278,39486.0,2.0
279,163186.0,1.0
280,163189.0,1.0
281,163187.0,1.0
282,39488.0,2.0
283,163188.0,1.0
284,7810.0,2.0
285,39489.0,1.0
286,39485.0,1.0
287,86570.0,1.0
288,104903.0,2.0
289,86567.0,2.0
290,7306.0,3.0
291,54667.0,1.0
292,208185.0,1.0
293,216539.0,1.0
294,222626.0,1.0
295,2653.0,1.0
296,341618.0,1.0
297,28715.0,
298,74032.0,
299,74030.0,
300,74029.0,
301,74028.0,
302,74031.0,
303,217853.0,
304,20017.0,1.0
305,208975.0,
306,271954.0,
307,29440.0,
308,271953.0,
309,284747.0,
310,255522.0,1.0
311,255523.0,
312,255524.0,
313,255525.0,
314,96661.0,3.0
315,255526.0,
316,255527.0,
317,255528.0,
318,96676.0,
319,255529.0,1.0
320,11638.0,1.0
321,255530.0,1.0
322,255531.0,1.0
323,96675.0,1.0
324,255520.0,1.0
325,255521.0,1.0
326,221415.0,1.0
327,3464.0,3.0
328,96655.0,2.0
329,96656.0,1.0
330,96657.0,1.0
331,96658.0,1.0
332,96659.0,1.0
333,96660.0,1.0
334,96662.0,1.0
335,96663.0,1.0
336,96664.0,
337,96665.0,
338,14932.0,
339,96667.0,
340,96668.0,
341,96670.0,2.0
342,96669.0,2.0
343,96649.0,3.0
344,96671.0,
345,96672.0,
346,96673.0,1.0
347,96674.0,
348,96677.0,
349,96683.0,2.0
350,96682.0,2.0
351,96681.0,1.0
352,96680.0,1.0
353,96678.0,1.0
354,96679.0,2.0
355,96684.0,
356,96685.0,
357,96686.0,
358,96646.0,2.0
359,3461.0,2.0
360,96687.0,1.0
361,44624.0,6.0
362,96689.0,1.0
363,96688.0,1.0
364,96642.0,1.0
365,96644.0,1.0
366,96643.0,1.0
367,96645.0,3.0
368,95972.0,1.0
369,96647.0,1.0
370,96690.0,1.0
371,96648.0,2.0
372,96650.0,1.0
373,96651.0,1.0
374,96652.0,1.0
375,96653.0,1.0
376,96654.0,1.0
377,143716.0,1.0
378,203866.0,2.0
379,203867.0,1.0
380,213605.0,1.0
381,203869.0,1.0
382,302707.0,1.0
383,302708.0,1.0
384,341214.0,2.0
385,341213.0,2.0
386,341219.0,1.0
387,341216.0,1.0
388,341215.0,1.0
389,341220.0,1.0
390,341218.0,1.0
391,341217.0,1.0
392,10063.0,2.0
393,100885.0,
394,55447.0,1.0
395,11076.0,2.0
396,53851.0,1.0
397,173481.0,1.0
398,173482.0,1.0
399,7430.0,3.0
400,173483.0,1.0
401,55443.0,2.0
402,11075.0,2.0
403,175710.0,
404,62049.0,
405,62050.0,
406,175711.0,
407,175713.0,
408,175712.0,
409,175714.0,
410,8972.0,1.0
411,11024.0,2.0
412,55450.0,1.0
413,62196.0,1.0
414,3545.0,3.0
415,94832.0,1.0
416,245892.0,1.0
417,56779.0,1.0
418,245891.0,1.0
419,63114.0,2.0
420,286.0,1.0
421,54058.0,1.0
422,245899.0,1.0
423,61330.0,1.0
424,245900.0,
425,11990.0,
426,9243.0,
427,8946.0,
428,245901.0,
429,189920.0,
430,8532.0,
431,189919.0,
432,8976.0,1.0
433,8973.0,
434,63107.0,1.0
435,63111.0,1.0
436,94834.0,
437,138052.0,
438,102178.0,
439,201405.0,
440,21527.0,
441,173238.0,
442,173239.0,
443,173240.0,
444,173241.0,
445,8974.0,
446,6757.0,4.0
447,9396.0,1.0
448,61963.0,1.0
449,61687.0,1.0
450,3380.0,2.0
451,63112.0,1.0
452,63104.0,1.0
453,63103.0,1.0
454,63106.0,1.0
455,63113.0,1.0
456,63110.0,1.0
457,6758.0,2.0
458,135190.0,1.0
459,135192.0,1.0
460,9141.0,1.0
461,135191.0,1.0
462,21722.0,1.0
463,17341.0,1.0
464,11862.0,1.0
465,3383.0,2.0
466,9384.0,1.0
467,17342.0,1.0
468,17344.0,
469,21736.0,
470,9122.0,
471,19375.0,1.0
472,21729.0,1.0
473,17346.0,
474,259778.0,
475,229557.0,
476,276168.0,
477,277111.0,
478,277112.0,
479,286674.0,
480,45173.0,
481,45067.0,1.0
482,215805.0,2.0
483,215806.0,
484,215799.0,
485,238546.0,
486,238545.0,
487,238550.0,
488,238549.0,
489,238548.0,
490,238547.0,
491,215808.0,1.0
492,215809.0,1.0
493,238544.0,1.0
494,238543.0,1.0
495,238537.0,2.0
496,238542.0,1.0
497,238541.0,1.0
498,238540.0,1.0
499,77595.0,5.0
500,27395.0,1.0
501,14899.0,1.0
502,215757.0,2.0
503,238539.0,1.0
504,5386.0,3.0
505,188939.0,1.0
506,215755.0,1.0
507,215756.0,3.0
508,175234.0,1.0
509,218751.0,2.0
510,216401.0,2.0
511,220572.0,1.0
512,216402.0,
513,216403.0,
514,77591.0,3.0
515,77593.0,1.0
516,141088.0,1.0
517,141089.0,2.0
518,141090.0,1.0
519,215753.0,1.0
520,215754.0,1.0
521,188938.0,
522,253938.0,
523,253935.0,
524,332530.0,2.0
525,332532.0,1.0
526,115526.0,3.0
527,33839.0,4.0
528,332529.0,1.0
529,332528.0,1.0
530,214452.0,3.0
531,69217.0,
532,246500.0,
533,296128.0,
534,296129.0,
535,54455.0,
536,42326.0,
537,42327.0,
538,81875.0,1.0
539,228617.0,1.0
540,211733.0,3.0
541,211742.0,2.0
542,211740.0,1.0
543,174741.0,1.0
544,100086.0,1.0
545,211743.0,1.0
546,19664.0,1.0
547,211741.0,
548,73532.0,
549,211739.0,
550,211884.0,
551,73118.0,2.0
552,58634.0,
553,81872.0,
554,211734.0,1.0
555,211735.0,1.0
556,211736.0,2.0
557,61081.0,2.0
558,211738.0,1.0
559,61047.0,2.0
560,100889.0,4.0
561,10686.0,1.0
562,27810.0,1.0
563,211825.0,1.0
564,42036.0,1.0
565,232435.0,1.0
566,232436.0,1.0
567,232437.0,1.0
568,232438.0,1.0
569,232439.0,1.0
570,232440.0,1.0
571,61048.0,3.0
572,100896.0,
573,100895.0,
574,100899.0,
575,100901.0,1.0
576,100891.0,1.0
577,100900.0,
578,100902.0,
579,100897.0,
580,100894.0,
581,100892.0,
582,68158.0,
583,139177.0,2.0
584,141791.0,
585,163941.0,
586,61110.0,
587,163943.0,
588,212179.0,1.0
589,226049.0,1.0
590,227115.0,1.0
591,227116.0,1.0
592,227113.0,1.0
593,227114.0,1.0
594,226557.0,1.0
595,226556.0,1.0
596,227112.0,1.0
597,115013.0,
598,336781.0,
599,26518.0,
600,25370.0,3.0
601,26524.0,1.0
602,26527.0,1.0
603,26526.0,1.0
604,172144.0,1.0
605,294285.0,
606,300035.0,1.0
607,364726.0,1.0
608,71597.0,2.0
609,33334.0,
610,9728.0,
611,215448.0,
612,215449.0,
613,215450.0,
614,215451.0,
615,215452.0,
616,215453.0,
617,215454.0,
618,215439.0,2.0
619,215447.0,
620,167009.0,
621,11641.0,
622,51808.0,2.0
623,215455.0,1.0
624,121119.0,2.0
625,121120.0,1.0
626,17754.0,
627,215456.0,
628,12593.0,4.0
629,121118.0,1.0
630,188854.0,1.0
631,132859.0,1.0
632,121121.0,1.0
633,188855.0,1.0
634,188856.0,1.0
635,72351.0,2.0
636,72352.0,1.0
637,169673.0,1.0
638,207252.0,
639,154855.0,
640,28699.0,1.0
641,72354.0,
642,196355.0,
643,196360.0,
644,196357.0,
645,196359.0,
646,196356.0,
647,196358.0,
648,28701.0,
649,49239.0,
650,100461.0,
651,196354.0,
652,138395.0,
653,138393.0,
654,208007.0,
655,45417.0,2.0
656,138397.0,2.0
657,224523.0,1.0
658,312331.0,1.0
659,223582.0,1.0
660,332669.0,1.0
661,138060.0,1.0
662,138064.0,1.0
663,331586.0,1.0
664,12610.0,1.0
665,330672.0,1.0
666,166595.0,2.0
667,345752.0,1.0
668,118082.0,
669,118083.0,
670,201435.0,
671,289140.0,1.0
672,289139.0,1.0
673,289141.0,1.0
674,28756.0,3.0
675,207599.0,1.0
676,207601.0,
677,207600.0,1.0
678,54749.0,3.0
679,207598.0,
680,207597.0,1.0
681,207612.0,1.0
682,207623.0,1.0
683,207624.0,1.0
684,207626.0,1.0
685,207627.0,3.0
686,207628.0,1.0
687,207629.0,
688,207632.0,3.0
689,207630.0,2.0
690,207593.0,3.0
691,207631.0,
692,201374.0,1.0
693,124077.0,4.0
694,207633.0,1.0
695,124078.0,4.0
696,207634.0,1.0
697,207941.0,1.0
698,124076.0,2.0
699,124079.0,
700,144358.0,1.0
701,54841.0,3.0
702,207679.0,1.0
703,207596.0,
704,54839.0,1.0
705,54831.0,2.0
706,201376.0,
707,207595.0,
708,207592.0,1.0
709,207591.0,2.0
710,207594.0,1.0
711,54832.0,1.0
712,54833.0,1.0
713,54834.0,
714,54734.0,3.0
715,54735.0,2.0
716,38133.0,2.0
717,54736.0,1.0
718,38140.0,1.0
719,54737.0,1.0
720,54738.0,1.0
721,54739.0,1.0
722,7123.0,2.0
723,174856.0,1.0
724,174857.0,1.0
725,174859.0,1.0
726,174858.0,1.0
727,174860.0,1.0
728,285058.0,
729,286577.0,
730,361917.0,
731,361916.0,
732,361915.0,
733,363724.0,
734,354692.0,2.0
735,248620.0,2.0
736,383201.0,1.0
737,383271.0,1.0
738,383159.0,1.0
739,3567.0,4.0
740,110031.0,
741,110032.0,
742,110033.0,
743,76372.0,1.0
744,47469.0,
745,46370.0,4.0
746,76369.0,1.0
747,32429.0,1.0
748,76368.0,
749,76370.0,
750,76661.0,1.0
751,76662.0,1.0
752,110115.0,1.0
753,110116.0,1.0
754,76664.0,1.0
755,76663.0,1.0
756,66228.0,2.0
757,66229.0,1.0
758,66231.0,1.0
759,20861.0,1.0
760,66232.0,1.0
761,63641.0,1.0
762,110117.0,1.0
763,19341.0,4.0
764,61627.0,2.0
765,63642.0,1.0
766,63643.0,1.0
767,32427.0,2.0
768,63645.0,1.0
769,89962.0,1.0
770,89961.0,1.0
771,6122.0,
772,63648.0,
773,63649.0,
774,89963.0,
775,82987.0,
776,63640.0,
777,48647.0,4.0
778,63730.0,1.0
779,63731.0,2.0
780,63647.0,2.0
781,63646.0,1.0
782,93739.0,
783,215478.0,
784,348554.0,2.0
785,348557.0,1.0
786,6121.0,
787,18626.0,
788,93738.0,
789,100887.0,
790,103833.0,
791,348553.0,3.0
792,169920.0,
793,331842.0,4.0
794,169915.0,
795,336177.0,
796,373351.0,1.0
797,1879.0,
798,207571.0,
799,359015.0,
800,359032.0,
801,207572.0,
802,207573.0,
803,64122.0,
804,207574.0,
805,207575.0,
806,14807.0,2.0
807,207576.0,1.0
808,175984.0,
809,25808.0,2.0
810,86553.0,2.0
811,328805.0,
812,328806.0,
813,33775.0,1.0
814,25861.0,3.0
815,26164.0,2.0
816,109543.0,1.0
817,106203.0,2.0
818,86535.0,3.0
819,103377.0,1.0
820,202801.0,1.0
821,208585.0,1.0
822,297079.0,3.0
823,297080.0,1.0
824,86522.0,1.0
825,231992.0,1.0
826,61385.0,1.0
827,346263.0,1.0
828,346262.0,1.0
829,80710.0,
830,80711.0,
831,80712.0,
832,80709.0,
833,39701.0,
834,235827.0,
835,235829.0,2.0
836,235844.0,
837,235846.0,
838,235845.0,
839,235828.0,1.0
840,118437.0,2.0
841,235848.0,
842,235847.0,
843,235849.0,
844,235850.0,1.0
845,235851.0,1.0
846,235831.0,3.0
847,235830.0,2.0
848,39652.0,1.0
849,235852.0,1.0
850,233508.0,6.0
851,235832.0,1.0
852,235853.0,1.0
853,233509.0,5.0
854,233518.0,3.0
855,233486.0,2.0
856,235833.0,3.0
857,235834.0,2.0
858,235854.0,1.0
859,233516.0,1.0
860,233506.0,3.0
861,233517.0,1.0
862,235835.0,
863,235856.0,
864,235855.0,
865,144238.0,4.0
866,144240.0,2.0
867,233510.0,1.0
868,2900.0,1.0
869,233511.0,1.0
870,19178.0,2.0
871,144241.0,1.0
872,144242.0,1.0
873,233507.0,1.0
874,235836.0,3.0
875,235837.0,2.0
876,235858.0,1.0
877,235857.0,1.0
878,44678.0,1.0
879,235859.0,1.0
880,233543.0,1.0
881,164189.0,
882,164190.0,
883,164191.0,
884,164192.0,
885,164185.0,
886,164188.0,
887,164186.0,2.0
888,386184.0,1.0
889,107704.0,2.0
890,310294.0,
891,310282.0,1.0
892,302482.0,1.0
893,77724.0,
894,153753.0,1.0
895,153750.0,1.0
896,153751.0,1.0
897,87973.0,2.0
898,225278.0,1.0
899,254997.0,1.0
900,6844.0,1.0
901,86803.0,1.0
902,213819.0,1.0
903,86804.0,
904,213820.0,
905,228119.0,
906,228121.0,
907,228122.0,
908,228120.0,
909,228118.0,1.0
910,228117.0,1.0
911,228116.0,1.0
912,183096.0,1.0
913,285193.0,
914,361785.0,
915,361786.0,
916,95178.0,1.0
917,297066.0,
918,7941.0,1.0
919,12811.0,5.0
920,275558.0,1.0
921,275560.0,1.0
922,275561.0,1.0
923,176080.0,
924,87358.0,
925,12038.0,
926,12053.0,
927,162435.0,
928,61377.0,2.0
929,12027.0,
930,12030.0,
931,44545.0,1.0
932,44546.0,1.0
933,44547.0,2.0
934,44548.0,1.0
935,256333.0,
936,164712.0,3.0
937,164711.0,1.0
938,59273.0,
939,285130.0,1.0
940,285131.0,1.0
941,285132.0,1.0
942,358701.0,
943,358700.0,
944,358702.0,
945,362048.0,2.0
946,7956.0,2.0
947,339144.0,1.0
948,362047.0,1.0
949,397.0,
950,15168.0,
951,1414.0,
952,71641.0,1.0
953,11013.0,
954,123.0,1.0
955,196517.0,
956,11001.0,3.0
957,11004.0,1.0
958,11003.0,
959,11002.0,
960,19640.0,
961,19629.0,
962,11009.0,
963,17893.0,
964,100987.0,1.0
965,105652.0,
966,50798.0,
967,10296.0,1.0
968,117494.0,1.0
969,21755.0,2.0
970,118155.0,1.0
971,100794.0,2.0
972,284541.0,
973,21750.0,2.0
974,160839.0,2.0
975,21758.0,1.0
976,105611.0,1.0
977,117482.0,1.0
978,246353.0,1.0
979,22129.0,1.0
980,9763.0,1.0
981,118157.0,
982,225685.0,
983,100801.0,
984,359813.0,
985,359814.0,
986,167780.0,
987,115124.0,
988,262672.0,
989,330490.0,
990,25724.0,
991,330491.0,
992,8201.0,
993,8211.0,
994,8200.0,
995,8202.0,
996,8203.0,
997,8204.0,
998,35542.0,
999,19126.0,
1000,162927.0,
1001,8207.0,
1002,11796.0,
1003,8208.0,
1004,162924.0,
1005,75783.0,
1006,8214.0,
1007,8209.0,
1008,17661.0,2.0
1009,8213.0,2.0
1010,36068.0,1.0
1011,59837.0,
1012,59838.0,
1013,16783.0,
1014,8212.0,
1015,6568.0,
1016,540.0,
1017,162928.0,
1018,6569.0,2.0
1019,59836.0,2.0
1020,4487.0,1.0
1021,1076.0,1.0
1022,32499.0,
1023,12438.0,
1024,4544.0,2.0
1025,82471.0,
1026,220638.0,
1027,7218.0,
1028,20028.0,
1029,59835.0,
1030,20025.0,
1031,20027.0,
1032,17809.0,
1033,162316.0,
1034,20026.0,
1035,4171.0,
1036,82001.0,
1037,19585.0,
1038,20023.0,
1039,223683.0,
1040,223682.0,
1041,1086.0,
1042,20022.0,
1043,4273.0,
1044,20021.0,
1045,6497.0,
1046,3685.0,
1047,162930.0,
1048,162929.0,
1049,162931.0,
1050,1075.0,1.0
1051,6427.0,
1052,6426.0,
1053,6564.0,
1054,34069.0,1.0
1055,113906.0,3.0
1056,2813.0,3.0
1057,4575.0,1.0
1058,9837.0,1.0
1059,274.0,1.0
1060,259542.0,1.0
1061,181567.0,1.0
1062,16788.0,1.0
1063,223740.0,1.0
1064,266182.0,1.0
1065,266179.0,1.0
1066,266180.0,1.0
1067,266184.0,1.0
1068,77533.0,2.0
1069,343112.0,1.0
1070,135320.0,1.0
1071,75376.0,1.0
1072,6967.0,1.0
1073,75375.0,1.0
1074,12213.0,3.0
1075,12574.0,1.0
1076,39396.0,
1077,73386.0,
1078,73394.0,
1079,55882.0,2.0
1080,10860.0,2.0
1081,71743.0,1.0
1082,55881.0,1.0
1083,79295.0,1.0
1084,102551.0,1.0
1085,58048.0,2.0
1086,146066.0,
1087,12275.0,
1088,73399.0,2.0
1089,12515.0,1.0
1090,232563.0,2.0
1091,236584.0,
1092,9036.0,3.0
1093,9058.0,1.0
1094,9035.0,3.0
1095,236053.0,1.0
1096,236052.0,1.0
1097,236060.0,1.0
1098,138984.0,
1099,256788.0,2.0
1100,256789.0,1.0
1101,256790.0,1.0
1102,379115.0,
1103,296155.0,1.0
1104,296156.0,
1105,11793.0,1.0
1106,289821.0,
1107,247029.0,1.0
1108,81493.0,2.0
1109,289822.0,
1110,132988.0,2.0
1111,289230.0,1.0
1112,289825.0,1.0
1113,119432.0,
1114,11643.0,2.0
1115,216750.0,
1116,39245.0,
1117,83778.0,
1118,196210.0,
1119,196211.0,1.0
1120,196212.0,2.0
1121,11648.0,1.0
1122,201776.0,1.0
1123,246801.0,1.0
1124,298.0,4.0
1125,215518.0,
1126,18656.0,1.0
1127,112350.0,
1128,221975.0,
1129,11639.0,
1130,17209.0,
1131,221976.0,
1132,1547.0,1.0
1133,12619.0,
1134,4667.0,2.0
1135,4666.0,2.0
1136,75699.0,
1137,178297.0,
1138,221978.0,
1139,221979.0,
1140,215773.0,
1141,11642.0,
1142,108335.0,2.0
1143,222021.0,1.0
1144,46168.0,1.0
1145,100262.0,2.0
1146,169278.0,2.0
1147,201775.0,1.0
1148,2371.0,1.0
1149,84075.0,1.0
1150,216412.0,
1151,3704.0,
1152,38916.0,2.0
1153,38917.0,2.0
1154,12525.0,1.0
1155,78692.0,1.0
1156,88550.0,1.0
1157,10768.0,1.0
1158,76161.0,1.0
1159,87264.0,1.0
1160,88551.0,1.0
1161,88552.0,1.0
1162,83330.0,
1163,83331.0,
1164,83329.0,
1165,103206.0,
1166,104077.0,
1167,94110.0,
1168,104076.0,
1169,216425.0,
1170,216426.0,
1171,87398.0,
1172,257511.0,
1173,243949.0,3.0
1174,246137.0,
1175,246135.0,
1176,246134.0,
1177,246136.0,
1178,310717.0,1.0
1179,207934.0,2.0
1180,112365.0,2.0
1181,207936.0,1.0
1182,207935.0,1.0
1183,207929.0,3.0
1184,207933.0,1.0
1185,207931.0,1.0
1186,207930.0,1.0
1187,207928.0,1.0
1188,261168.0,2.0
1189,251724.0,2.0
1190,251726.0,1.0
1191,247012.0,1.0
1192,247001.0,1.0
1193,247010.0,1.0
1194,255676.0,1.0
1195,266020.0,1.0
1196,2457.0,2.0
1197,328625.0,1.0
1198,249786.0,1.0
1199,349076.0,1.0
1200,14728.0,1.0
1201,112555.0,
1202,109861.0,2.0
1203,112553.0,
1204,112554.0,
1205,112552.0,
1206,112551.0,1.0
1207,109860.0,
1208,3673.0,2.0
1209,209773.0,2.0
1210,239994.0,1.0
1211,224162.0,1.0
1212,239993.0,1.0
1213,239995.0,1.0
1214,279487.0,
1215,279484.0,
1216,128128.0,
1217,279485.0,
1218,279486.0,
1219,279488.0,
1220,370719.0,1.0
1221,370720.0,1.0
1222,17538.0,
1223,102858.0,
1224,102857.0,
1225,262310.0,
1226,17535.0,
1227,17537.0,
1228,17536.0,
1229,17533.0,1.0
1230,10797.0,1.0
1231,10806.0,1.0
1232,101169.0,1.0
1233,17558.0,
1234,83094.0,
1235,17232.0,
1236,262377.0,
1237,262378.0,
1238,14797.0,1.0
1239,17534.0,2.0
1240,17636.0,1.0
1241,14678.0,
1242,17278.0,
1243,17281.0,1.0
1244,10867.0,3.0
1245,17284.0,2.0
1246,23236.0,
1247,25568.0,
1248,25570.0,
1249,25571.0,
1250,37865.0,
1251,25572.0,
1252,37864.0,
1253,135761.0,1.0
1254,262308.0,
1255,288605.0,1.0
1256,14748.0,2.0
1257,342004.0,2.0
1258,21531.0,1.0
1259,282662.0,1.0
1260,294428.0,1.0
1261,294430.0,
1262,294429.0,
1263,87420.0,
1264,364711.0,1.0
1265,164199.0,
1266,84803.0,2.0
1267,164200.0,
1268,164197.0,
1269,164198.0,
1270,281942.0,1.0
1271,281945.0,1.0
1272,330906.0,
1273,40120.0,1.0
1274,322722.0,
1275,322721.0,
1276,103062.0,1.0
1277,381396.0,1.0
1278,34064.0,
1279,290790.0,
1280,290791.0,
1281,290792.0,
1282,290793.0,1.0
1283,290794.0,
1284,290795.0,
1285,228561.0,1.0
1286,290796.0,
1287,92978.0,
1288,181618.0,
1289,126299.0,
1290,290797.0,
1291,290801.0,
1292,290800.0,
1293,290798.0,
1294,290799.0,
1295,290802.0,
1296,290803.0,1.0
1297,290804.0,
1298,290805.0,
1299,290806.0,3.0
1300,290807.0,2.0
1301,22964.0,4.0
1302,290808.0,1.0
1303,290809.0,1.0
1304,290810.0,
1305,265649.0,3.0
1306,296167.0,1.0
1307,296168.0,1.0
1308,296169.0,1.0
1309,296170.0,2.0
1310,296171.0,2.0
1311,296172.0,1.0
1312,215789.0,2.0
1313,296173.0,1.0
1314,138578.0,1.0
1315,291643.0,1.0
1316,296174.0,1.0
1317,215790.0,1.0
1318,215791.0,2.0
1319,215792.0,1.0
1320,216549.0,2.0
1321,228560.0,2.0
1322,6233.0,1.0
1323,136623.0,1.0
1324,14971.0,2.0
1325,296175.0,1.0
1326,216550.0,
1327,18567.0,1.0
1328,215810.0,1.0
1329,215811.0,1.0
1330,215812.0,1.0
1331,215813.0,1.0
1332,19402.0,2.0
1333,52.0,1.0
1334,135577.0,2.0
1335,22961.0,2.0
1336,53.0,1.0
1337,148608.0,1.0
1338,22963.0,
1339,6236.0,2.0
1340,8746.0,2.0
1341,8401.0,1.0
1342,6235.0,
1343,8526.0,2.0
1344,8527.0,
1345,135592.0,2.0
1346,92964.0,2.0
1347,92968.0,1.0
1348,135579.0,1.0
1349,92982.0,1.0
1350,135586.0,1.0
1351,135574.0,1.0
1352,135584.0,1.0
1353,261941.0,2.0
1354,263041.0,2.0
1355,93023.0,1.0
1356,345689.0,
1357,316861.0,1.0
1358,316863.0,
1359,316862.0,
1360,40672.0,6.0
1361,316847.0,2.0
1362,316850.0,1.0
1363,316852.0,1.0
1364,316851.0,1.0
1365,316853.0,1.0
1366,193530.0,3.0
1367,316848.0,1.0
1368,244381.0,1.0
1369,316845.0,
1370,244382.0,
1371,244383.0,
1372,143347.0,4.0
1373,193528.0,1.0
1374,193529.0,1.0
1375,193531.0,1.0
1376,141547.0,4.0
1377,12197.0,1.0
1378,143346.0,1.0
1379,143254.0,3.0
1380,143324.0,
1381,141083.0,2.0
1382,141086.0,2.0
1383,143151.0,1.0
1384,143155.0,1.0
1385,143154.0,1.0
1386,143153.0,1.0
1387,143152.0,1.0
1388,141084.0,
1389,141085.0,
1390,141081.0,
1391,141082.0,
1392,141539.0,1.0
1393,141555.0,
1394,348690.0,2.0
1395,359607.0,1.0
1396,359606.0,1.0
1397,36041.0,
1398,36043.0,
1399,36053.0,
1400,36065.0,
1401,2574.0,
1402,85995.0,
1403,85994.0,
1404,51508.0,
1405,98611.0,
1406,98612.0,
1407,226216.0,
1408,337525.0,
1409,111906.0,
1410,330463.0,1.0
1411,334788.0,
1412,334787.0,
1413,27563.0,1.0
1414,55481.0,2.0
1415,273297.0,2.0
1416,6474.0,3.0
1417,330462.0,1.0
1418,227984.0,2.0
1419,227983.0,1.0
1420,287995.0,
1421,287998.0,
1422,287993.0,
1423,287994.0,
1424,287997.0,
1425,287996.0,
1426,227982.0,2.0
1427,227985.0,1.0
1428,227986.0,1.0
1429,227987.0,1.0
1430,227990.0,
1431,227988.0,
1432,227989.0,
1433,68159.0,
1434,11467.0,
1435,11139.0,2.0
1436,11137.0,2.0
1437,77720.0,1.0
1438,7062.0,1.0
1439,77721.0,1.0
1440,77718.0,1.0
1441,77719.0,1.0
1442,140950.0,
1443,123462.0,
1444,250934.0,
1445,250935.0,
1446,7060.0,
1447,267354.0,
1448,263847.0,
1449,271572.0,
1450,13080.0,
1451,271573.0,
1452,342518.0,
1453,123070.0,
1454,358404.0,
1455,15268.0,
1456,236963.0,
1457,104573.0,
1458,144824.0,
1459,15269.0,2.0
1460,15274.0,2.0
1461,15272.0,1.0
1462,15280.0,1.0
1463,15275.0,1.0
1464,22622.0,2.0
1465,124123.0,
1466,361877.0,
1467,53893.0,
1468,103869.0,
1469,108658.0,
1470,103725.0,
1471,103717.0,2.0
1472,108659.0,
1473,100829.0,1.0
1474,108660.0,
1475,100830.0,1.0
1476,100834.0,1.0
1477,103718.0,1.0
1478,100828.0,3.0
1479,100833.0,1.0
1480,100832.0,
1481,228459.0,
1482,228458.0,
1483,16789.0,
1484,228460.0,
1485,228461.0,
1486,228462.0,
1487,228463.0,
1488,228464.0,
1489,220965.0,
1490,193524.0,
1491,220967.0,
1492,207110.0,1.0
1493,220969.0,
1494,220968.0,1.0
1495,129137.0,1.0
1496,220966.0,
1497,220970.0,
1498,13571.0,1.0
1499,100831.0,3.0
1500,81715.0,3.0
1501,207112.0,1.0
1502,161744.0,1.0
1503,31814.0,1.0
1504,207113.0,1.0
1505,13569.0,1.0
1506,81723.0,3.0
1507,10875.0,1.0
1508,1282.0,1.0
1509,100852.0,
1510,207083.0,
1511,207081.0,
1512,14506.0,
1513,207084.0,1.0
1514,207082.0,
1515,95153.0,2.0
1516,81656.0,3.0
1517,195689.0,1.0
1518,68171.0,1.0
1519,220472.0,1.0
1520,16598.0,1.0
1521,220975.0,1.0
1522,220976.0,1.0
1523,81724.0,1.0
1524,95158.0,
1525,3707.0,4.0
1526,3708.0,2.0
1527,81710.0,1.0
1528,81711.0,1.0
1529,81712.0,1.0
1530,81713.0,1.0
1531,81714.0,1.0
1532,81716.0,1.0
1533,81717.0,1.0
1534,81718.0,1.0
1535,68164.0,2.0
1536,81719.0,3.0
1537,81720.0,1.0
1538,81655.0,2.0
1539,41942.0,1.0
1540,100650.0,1.0
1541,100649.0,1.0
1542,100646.0,1.0
1543,100651.0,1.0
1544,100647.0,1.0
1545,100648.0,1.0
1546,100805.0,1.0
1547,198243.0,
1548,198245.0,
1549,129156.0,
1550,200939.0,
1551,178871.0,
1552,200938.0,
1553,200933.0,
1554,200937.0,
1555,178915.0,
1556,12140.0,
1557,214882.0,
1558,309269.0,2.0
1559,198244.0,2.0
1560,330671.0,1.0
1561,216668.0,1.0
1562,191501.0,1.0
1563,202952.0,1.0
1564,331937.0,1.0
1565,341237.0,1.0
1566,129574.0,1.0
1567,214917.0,1.0
1568,332835.0,1.0
1569,333086.0,1.0
1570,19194.0,
1571,162131.0,
1572,82479.0,
1573,82482.0,
1574,82476.0,
1575,31372.0,
1576,82478.0,
1577,26431.0,2.0
1578,162132.0,
1579,162133.0,
1580,61374.0,2.0
1581,112140.0,
1582,62167.0,
1583,62169.0,
1584,96758.0,
1585,160161.0,1.0
1586,61896.0,
1587,61898.0,
1588,61897.0,
1589,61899.0,
1590,61312.0,1.0
1591,177733.0,
1592,177737.0,
1593,3989.0,3.0
1594,3390.0,3.0
1595,61901.0,
1596,61900.0,
1597,32070.0,3.0
1598,160162.0,1.0
1599,19186.0,1.0
1600,32071.0,1.0
1601,4962.0,1.0
1602,61905.0,1.0
1603,61902.0,1.0
1604,61903.0,1.0
1605,61904.0,1.0
1606,2526.0,3.0
1607,2522.0,5.0
1608,61375.0,1.0
1609,61376.0,1.0
1610,54601.0,1.0
1611,32065.0,1.0
1612,32066.0,1.0
1613,32067.0,1.0
1614,32068.0,1.0
1615,3988.0,2.0
1616,2520.0,1.0
1617,2524.0,1.0
1618,54566.0,1.0
1619,61372.0,1.0
1620,61373.0,1.0
1621,32061.0,1.0
1622,32062.0,1.0
1623,908.0,1.0
1624,12036.0,1.0
1625,191874.0,
1626,2736.0,
1627,54602.0,
1628,2525.0,
1629,2521.0,
1630,2527.0,
1631,3990.0,
1632,2528.0,
1633,122555.0,2.0
1634,54581.0,4.0
1635,54564.0,1.0
1636,103644.0,1.0
1637,54578.0,1.0
1638,76341.0,1.0
1639,122553.0,1.0
1640,122552.0,1.0
1641,122556.0,1.0
1642,60497.0,2.0
1643,246363.0,1.0
1644,15753.0,1.0
1645,246362.0,1.0
1646,156335.0,1.0
1647,246365.0,1.0
1648,154848.0,
1649,54550.0,
1650,318236.0,
1651,154841.0,
1652,340204.0,
1653,340205.0,
1654,176625.0,
1655,107084.0,2.0
1656,107092.0,1.0
1657,36616.0,2.0
1658,107093.0,1.0
1659,107090.0,1.0
1660,107091.0,1.0
1661,109853.0,1.0
1662,112241.0,1.0
1663,112339.0,
1664,156957.0,
1665,157132.0,
1666,112188.0,
1667,157381.0,
1668,36613.0,
1669,228127.0,
1670,228128.0,
1671,228134.0,
1672,80911.0,
1673,228135.0,
1674,151779.0,
1675,228137.0,
1676,228136.0,
1677,44654.0,4.0
1678,228138.0,
1679,44655.0,1.0
1680,44333.0,
1681,100991.0,
1682,41442.0,1.0
1683,100992.0,
1684,285120.0,
1685,285121.0,
1686,338307.0,
1687,362058.0,2.0
1688,362060.0,1.0
1689,362059.0,1.0
1690,79781.0,1.0
1691,383208.0,
1692,81972.0,1.0
1693,81970.0,2.0
1694,14132.0,1.0
1695,12393.0,2.0
1696,88271.0,1.0
1697,216381.0,
1698,216382.0,
1699,216383.0,
1700,334427.0,1.0
1701,334428.0,2.0
1702,338211.0,1.0
1703,216384.0,1.0
1704,312809.0,1.0
1705,215819.0,3.0
1706,287373.0,1.0
1707,215820.0,2.0
1708,3205.0,2.0
1709,208268.0,1.0
1710,208270.0,
1711,208269.0,
1712,267784.0,1.0
1713,345203.0,
1714,72150.0,3.0
1715,4269.0,
1716,227224.0,1.0
1717,335146.0,1.0
1718,228628.0,
1719,228633.0,
1720,95989.0,2.0
1721,95992.0,1.0
1722,228632.0,
1723,228629.0,
1724,228630.0,
1725,228631.0,
1726,95990.0,2.0
1727,95993.0,1.0
1728,95991.0,1.0
1729,228624.0,
1730,228627.0,
1731,228626.0,
1732,228623.0,
1733,228625.0,
1734,330977.0,
1735,330974.0,
1736,330975.0,
1737,330976.0,
1738,330973.0,
1739,145394.0,
1740,133189.0,1.0
1741,133190.0,
1742,93480.0,
1743,132803.0,1.0
1744,93479.0,
1745,132804.0,
1746,132805.0,
1747,93756.0,
1748,132806.0,
1749,132807.0,
1750,93664.0,1.0
1751,93663.0,
1752,93666.0,
1753,34381.0,
1754,93665.0,
1755,93667.0,
1756,23307.0,
1757,331502.0,
1758,14386.0,1.0
1759,229064.0,
1760,229065.0,1.0
1761,277405.0,3.0
1762,277407.0,2.0
1763,277408.0,1.0
1764,277404.0,1.0
1765,15374.0,1.0
1766,69853.0,
1767,69852.0,
1768,69854.0,
1769,69855.0,2.0
1770,93745.0,
1771,287374.0,1.0
1772,228579.0,
1773,228575.0,2.0
1774,228576.0,3.0
1775,228577.0,1.0
1776,191117.0,1.0
1777,228578.0,1.0
1778,275184.0,
1779,384755.0,1.0
1780,384756.0,
1781,49229.0,
1782,126733.0,1.0
1783,126734.0,1.0
1784,126735.0,1.0
1785,126736.0,1.0
1786,126737.0,1.0
1787,126738.0,1.0
1788,256026.0,
1789,256024.0,
1790,256025.0,
1791,385833.0,1.0
1792,385834.0,1.0
1793,236859.0,
1794,236858.0,
1795,8273.0,
1796,236861.0,
1797,236862.0,
1798,236860.0,
1799,25848.0,4.0
1800,25850.0,
1801,25849.0,
1802,22436.0,1.0
1803,25851.0,
1804,25853.0,1.0
1805,25852.0,1.0
1806,117434.0,1.0
1807,117435.0,1.0
1808,5301.0,2.0
1809,208299.0,1.0
1810,208298.0,2.0
1811,208300.0,1.0
1812,312576.0,
1813,375533.0,1.0
1814,276.0,
1815,247070.0,
1816,247071.0,
1817,166680.0,1.0
1818,40617.0,1.0
1819,277420.0,
1820,290055.0,
1821,277415.0,
1822,277416.0,
1823,276079.0,
1824,277417.0,
1825,245003.0,
1826,277419.0,
1827,277422.0,
1828,277421.0,
1829,362040.0,
1830,85367.0,1.0
1831,208077.0,1.0
1832,208078.0,
1833,258053.0,1.0
1834,330980.0,2.0
1835,174843.0,2.0
1836,330978.0,1.0
1837,113221.0,1.0
1838,330979.0,1.0
1839,236618.0,2.0
1840,236619.0,
1841,9462.0,1.0
1842,236617.0,1.0
1843,306890.0,2.0
1844,306888.0,1.0
1845,221735.0,1.0
1846,221733.0,1.0
1847,221745.0,
1848,221724.0,1.0
1849,221741.0,1.0
1850,221734.0,1.0
1851,221736.0,
1852,221725.0,1.0
1853,219734.0,1.0
1854,281952.0,1.0
1855,61052.0,
1856,213811.0,
1857,213810.0,
1858,213809.0,
1859,213803.0,
1860,213806.0,
1861,213807.0,
1862,213805.0,
1863,213808.0,
1864,213800.0,
1865,213804.0,
1866,213802.0,
1867,213801.0,
1868,239311.0,2.0
1869,112509.0,2.0
1870,239310.0,1.0
1871,239312.0,1.0
1872,239309.0,1.0
1873,329020.0,
1874,329021.0,
1875,95316.0,
1876,329023.0,
1877,329022.0,
1878,366117.0,
1879,215529.0,2.0
1880,219501.0,
1881,5513.0,
1882,219503.0,
1883,215541.0,3.0
1884,215537.0,1.0
1885,16321.0,
1886,35885.0,1.0
1887,215540.0,
1888,255038.0,1.0
1889,255039.0,
1890,316110.0,
1891,356337.0,1.0
1892,302319.0,1.0
1893,215534.0,1.0
1894,86875.0,
1895,86876.0,
1896,213813.0,
1897,213814.0,
1898,213815.0,
1899,213816.0,
1900,213817.0,
1901,213818.0,
1902,130369.0,
1903,131464.0,1.0
1904,86798.0,1.0
1905,86881.0,
1906,273093.0,
1907,87514.0,
1908,87517.0,
1909,330480.0,
1910,330481.0,
1911,375524.0,1.0
1912,129371.0,1.0
1913,374190.0,1.0
1914,375525.0,1.0
1915,169259.0,4.0
1916,278822.0,
1917,260817.0,1.0
1918,278813.0,2.0
1919,278818.0,1.0
1920,278817.0,1.0
1921,278819.0,2.0
1922,278820.0,1.0
1923,278821.0,1.0
1924,276144.0,1.0
1925,23788.0,1.0
1926,23787.0,
1927,161643.0,1.0
1928,161644.0,1.0
1929,228173.0,
1930,285125.0,
1931,285127.0,
1932,285126.0,
1933,285128.0,
1934,338309.0,
1935,338308.0,
1936,362061.0,
1937,105440.0,
1938,144823.0,
1939,105441.0,
1940,105442.0,
1941,108604.0,
1942,211171.0,
1943,211172.0,
1944,211922.0,
1945,108601.0,
1946,346256.0,
1947,328816.0,
1948,124083.0,2.0
1949,124084.0,2.0
1950,124085.0,1.0
1951,189933.0,
1952,189934.0,
1953,189935.0,1.0
1954,8336.0,1.0
1955,124098.0,5.0
1956,2788.0,1.0
1957,139778.0,1.0
1958,124099.0,1.0
1959,166069.0,1.0
1960,124094.0,4.0
1961,124092.0,1.0
1962,124090.0,1.0
1963,144497.0,
1964,144495.0,
1965,124096.0,2.0
1966,124093.0,2.0
1967,144475.0,1.0
1968,124088.0,3.0
1969,80089.0,2.0
1970,144943.0,
1971,30449.0,
1972,165789.0,
1973,165791.0,
1974,30455.0,
1975,165795.0,
1976,165800.0,1.0
1977,193971.0,
1978,288662.0,
1979,360197.0,
1980,288667.0,
1981,361908.0,
1982,3182.0,4.0
1983,61080.0,1.0
1984,147592.0,1.0
1985,147593.0,1.0
1986,162333.0,2.0
1987,162334.0,4.0
1988,274746.0,3.0
1989,274747.0,3.0
1990,274748.0,1.0
1991,162345.0,2.0
1992,364816.0,1.0
1993,39347.0,1.0
1994,302714.0,
1995,302716.0,
1996,302715.0,
1997,103947.0,
1998,103946.0,
1999,237337.0,1.0
2000,237338.0,1.0
2001,328706.0,
2002,328703.0,
2003,111344.0,
2004,300888.0,
2005,328702.0,
2006,328705.0,
2007,23534.0,4.0
2008,23535.0,1.0
2009,285226.0,
2010,285227.0,
2011,285228.0,
2012,23542.0,
2013,285229.0,
2014,23536.0,
2015,23537.0,
2016,23539.0,2.0
2017,23540.0,
2018,23544.0,
2019,207531.0,
2020,207532.0,
2021,151843.0,3.0
2022,23548.0,
2023,23549.0,
2024,23550.0,
2025,24997.0,4.0
2026,15558.0,1.0
2027,207533.0,2.0
2028,207535.0,1.0
2029,207534.0,1.0
2030,285201.0,3.0
2031,5162.0,1.0
2032,285200.0,1.0
2033,337990.0,
2034,36021.0,2.0
2035,36022.0,
2036,36023.0,
2037,36024.0,
2038,36025.0,1.0
2039,36026.0,
2040,36027.0,1.0
2041,36029.0,1.0
2042,36031.0,
2043,24065.0,
2044,36032.0,
2045,36033.0,
2046,36034.0,
2047,103102.0,1.0
2048,208113.0,1.0
2049,103101.0,3.0
2050,208108.0,
2051,26636.0,1.0
2052,208109.0,
2053,208110.0,
2054,194071.0,3.0
2055,208111.0,1.0
2056,208114.0,1.0
2057,208112.0,1.0
2058,63040.0,2.0
2059,26800.0,2.0
2060,15278.0,
2061,208115.0,
2062,103099.0,4.0
2063,194055.0,1.0
2064,97287.0,2.0
2065,194072.0,1.0
2066,194076.0,2.0
2067,194070.0,1.0
2068,194077.0,1.0
2069,194073.0,1.0
2070,194075.0,1.0
2071,194074.0,1.0
2072,194056.0,2.0
2073,77392.0,1.0
2074,19295.0,1.0
2075,194078.0,1.0
2076,194052.0,1.0
2077,103096.0,4.0
2078,194057.0,
2079,31964.0,
2080,194051.0,
2081,194060.0,
2082,194059.0,
2083,194061.0,
2084,194062.0,
2085,178641.0,1.0
2086,194054.0,
2087,22951.0,2.0
2088,61018.0,1.0
2089,16079.0,
2090,194053.0,
2091,178642.0,1.0
2092,21645.0,1.0
2093,178643.0,1.0
2094,178638.0,1.0
2095,178637.0,1.0
2096,178640.0,1.0
2097,178639.0,1.0
2098,178616.0,2.0
2099,178617.0,1.0
2100,178614.0,1.0
2101,178615.0,1.0
2102,103095.0,3.0
2103,5894.0,5.0
2104,178613.0,
2105,22958.0,3.0
2106,14929.0,
2107,86132.0,
2108,103694.0,1.0
2109,103693.0,1.0
2110,22959.0,4.0
2111,98767.0,2.0
2112,103041.0,1.0
2113,103042.0,1.0
2114,103043.0,1.0
2115,103044.0,1.0
2116,103045.0,1.0
2117,103046.0,1.0
2118,20845.0,4.0
2119,3135.0,2.0
2120,22960.0,1.0
2121,3122.0,3.0
2122,20841.0,4.0
2123,22954.0,1.0
2124,103063.0,1.0
2125,162410.0,1.0
2126,211993.0,1.0
2127,211995.0,
2128,178618.0,
2129,178623.0,
2130,222259.0,
2131,232359.0,
2132,241974.0,
2133,283377.0,
2134,211994.0,2.0
2135,16288.0,1.0
2136,336625.0,2.0
2137,111293.0,1.0
2138,336623.0,1.0
2139,7087.0,1.0
2140,336882.0,1.0
2141,336883.0,1.0
2142,346093.0,2.0
2143,208102.0,1.0
2144,225701.0,1.0
2145,283968.0,1.0
2146,361237.0,1.0
2147,336890.0,1.0
2148,361549.0,1.0
2149,292521.0,1.0
2150,361550.0,1.0
2151,81851.0,
2152,296284.0,
2153,296283.0,
2154,296280.0,1.0
2155,101083.0,2.0
2156,101080.0,4.0
2157,296278.0,2.0
2158,296279.0,1.0
2159,296276.0,1.0
2160,121250.0,1.0
2161,296277.0,1.0
2162,296274.0,1.0
2163,296275.0,1.0
2164,296281.0,1.0
2165,101082.0,1.0
2166,101084.0,2.0
2167,52269.0,1.0
2168,101081.0,1.0
2169,101035.0,1.0
2170,206655.0,
2171,195111.0,
2172,378450.0,
2173,153789.0,2.0
2174,195112.0,
2175,195107.0,1.0
2176,153790.0,1.0
2177,151250.0,
2178,151251.0,
2179,153791.0,
2180,153792.0,
2181,293571.0,1.0
2182,175556.0,1.0
2183,228365.0,
2184,228373.0,
2185,194.0,
2186,228366.0,
2187,17697.0,3.0
2188,228367.0,1.0
2189,228368.0,
2190,228369.0,1.0
2191,228370.0,1.0
2192,228374.0,1.0
2193,33314.0,2.0
2194,228371.0,1.0
2195,228372.0,1.0
2196,11942.0,1.0
2197,9518.0,3.0
2198,9521.0,2.0
2199,116.0,1.0
2200,9523.0,1.0
2201,9524.0,1.0
2202,168826.0,2.0
2203,196121.0,1.0
2204,196123.0,1.0
2205,9519.0,1.0
2206,196122.0,1.0
2207,9530.0,1.0
2208,166708.0,
2209,14383.0,
2210,130700.0,
2211,284872.0,
2212,271535.0,1.0
2213,184918.0,
2214,11941.0,2.0
2215,344108.0,2.0
2216,184956.0,1.0
2217,184456.0,1.0
2218,344109.0,1.0
2219,344110.0,1.0
2220,223484.0,1.0
2221,218920.0,
2222,233729.0,
2223,233724.0,1.0
2224,5631.0,2.0
2225,233725.0,
2226,233726.0,
2227,233727.0,
2228,233728.0,
2229,233723.0,1.0
2230,233722.0,1.0
2231,233719.0,1.0
2232,233720.0,1.0
2233,794.0,3.0
2234,233721.0,1.0
2235,233705.0,3.0
2236,233716.0,
2237,216404.0,3.0
2238,126185.0,1.0
2239,233710.0,1.0
2240,149576.0,1.0
2241,216405.0,2.0
2242,216406.0,1.0
2243,233706.0,3.0
2244,233707.0,1.0
2245,233708.0,1.0
2246,233709.0,1.0
2247,255258.0,1.0
2248,255259.0,1.0
2249,255261.0,1.0
2250,255260.0,1.0
2251,255262.0,1.0
2252,255263.0,1.0
2253,255264.0,
2254,364474.0,
2255,364475.0,
2256,237116.0,2.0
2257,237117.0,
2258,237118.0,
2259,383452.0,2.0
2260,383451.0,1.0
2261,85221.0,1.0
2262,217011.0,
2263,217010.0,
2264,17919.0,
2265,84470.0,3.0
2266,94586.0,2.0
2267,94587.0,1.0
2268,94589.0,1.0
2269,54412.0,1.0
2270,207743.0,1.0
2271,207744.0,1.0
2272,207745.0,1.0
2273,9606.0,1.0
2274,12314.0,1.0
2275,224265.0,1.0
2276,94585.0,
2277,79667.0,
2278,94588.0,
2279,84471.0,
2280,84469.0,
2281,84472.0,
2282,208224.0,
2283,79598.0,1.0
2284,207925.0,
2285,207924.0,
2286,208221.0,
2287,211895.0,
2288,12309.0,
2289,141132.0,
2290,208225.0,
2291,208222.0,
2292,207923.0,
2293,22452.0,
2294,180544.0,
2295,329599.0,
2296,329598.0,
2297,329597.0,
2298,329594.0,
2299,329595.0,1.0
2300,329591.0,
2301,329592.0,
2302,329596.0,1.0
2303,344546.0,2.0
2304,344545.0,2.0
2305,344547.0,1.0
2306,344548.0,1.0
2307,344549.0,1.0
2308,344550.0,1.0
2309,344551.0,1.0
2310,344552.0,1.0
2311,344553.0,1.0
2312,6983.0,1.0
2313,369551.0,
2314,84520.0,
2315,369553.0,
2316,369552.0,
2317,369554.0,
2318,277794.0,1.0
2319,6986.0,2.0
2320,277798.0,2.0
2321,369550.0,1.0
2322,6985.0,2.0
2323,369549.0,1.0
2324,6982.0,2.0
2325,6969.0,3.0
2326,6972.0,1.0
2327,6968.0,1.0
2328,6970.0,1.0
2329,7424.0,1.0
2330,6984.0,1.0
2331,139658.0,1.0
2332,5063.0,2.0
2333,143913.0,2.0
2334,265456.0,1.0
2335,265459.0,1.0
2336,265455.0,1.0
2337,208004.0,1.0
2338,265451.0,1.0
2339,265453.0,1.0
2340,265458.0,1.0
2341,345348.0,
2342,345346.0,
2343,345344.0,
2344,278897.0,
2345,278898.0,
2346,187641.0,1.0
2347,362448.0,1.0
2348,362447.0,1.0
2349,238602.0,1.0
2350,235213.0,1.0
2351,362449.0,1.0
2352,160700.0,
2353,216548.0,
2354,173090.0,1.0
2355,216544.0,1.0
2356,216545.0,1.0
2357,216546.0,1.0
2358,15452.0,1.0
2359,15816.0,1.0
2360,216543.0,1.0
2361,166358.0,1.0
2362,219061.0,
2363,6634.0,2.0
2364,83345.0,
2365,219550.0,
2366,219062.0,
2367,38559.0,
2368,219549.0,
2369,219548.0,
2370,532.0,1.0
2371,6637.0,4.0
2372,196423.0,1.0
2373,4863.0,1.0
2374,24451.0,2.0
2375,196419.0,1.0
2376,196425.0,1.0
2377,196422.0,1.0
2378,196424.0,1.0
2379,196421.0,1.0
2380,196420.0,1.0
2381,62611.0,4.0
2382,24446.0,
2383,6635.0,2.0
2384,6638.0,1.0
2385,6639.0,1.0
2386,8363.0,2.0
2387,62612.0,1.0
2388,196623.0,1.0
2389,196624.0,1.0
2390,77526.0,1.0
2391,77527.0,1.0
2392,77524.0,2.0
2393,77525.0,1.0
2394,65973.0,1.0
2395,196505.0,1.0
2396,213132.0,1.0
2397,43022.0,1.0
2398,330184.0,1.0
2399,219565.0,1.0
2400,265686.0,
2401,265685.0,1.0
2402,265687.0,
2403,265676.0,2.0
2404,265679.0,1.0
2405,265684.0,1.0
2406,265678.0,2.0
2407,265677.0,1.0
2408,265683.0,1.0
2409,265682.0,1.0
2410,265681.0,1.0
2411,345206.0,1.0
2412,195659.0,1.0
2413,213795.0,
2414,137330.0,2.0
2415,195664.0,2.0
2416,213793.0,1.0
2417,213792.0,1.0
2418,213794.0,1.0
2419,195665.0,1.0
2420,195666.0,1.0
2421,195663.0,1.0
2422,195662.0,1.0
2423,195661.0,1.0
2424,195660.0,
2425,195783.0,1.0
2426,315762.0,1.0
2427,361339.0,
2428,255444.0,
2429,371405.0,1.0
2430,255446.0,1.0
2431,202309.0,
2432,173183.0,1.0
2433,202310.0,
2434,6997.0,1.0
2435,202308.0,
2436,257711.0,
2437,173184.0,
2438,173185.0,
2439,173186.0,
2440,17926.0,
2441,173187.0,
2442,30689.0,1.0
2443,230162.0,
2444,228410.0,
2445,228411.0,
2446,230155.0,
2447,173188.0,
2448,227200.0,1.0
2449,30650.0,2.0
2450,153337.0,2.0
2451,153346.0,1.0
2452,16836.0,1.0
2453,12323.0,2.0
2454,16838.0,1.0
2455,153350.0,1.0
2456,153355.0,1.0
2457,153352.0,1.0
2458,227204.0,
2459,230282.0,
2460,3856.0,1.0
2461,230283.0,
2462,162364.0,
2463,41510.0,
2464,41512.0,1.0
2465,227198.0,
2466,227199.0,
2467,227201.0,
2468,227202.0,
2469,227203.0,
2470,227205.0,
2471,227206.0,
2472,227207.0,
2473,227208.0,
2474,227209.0,
2475,227210.0,
2476,227211.0,
2477,77977.0,2.0
2478,77979.0,2.0
2479,77978.0,2.0
2480,77980.0,2.0
2481,77981.0,1.0
2482,77982.0,
2483,77983.0,
2484,140921.0,2.0
2485,140920.0,2.0
2486,141746.0,1.0
2487,141747.0,1.0
2488,141748.0,1.0
2489,141749.0,1.0
2490,141750.0,1.0
2491,141752.0,1.0
2492,141751.0,1.0
2493,204733.0,
2494,204734.0,
2495,194258.0,
2496,194226.0,
2497,305295.0,
2498,256794.0,1.0
2499,256795.0,
2500,384964.0,1.0
2501,69858.0,
2502,69857.0,
2503,94029.0,2.0
2504,94030.0,2.0
2505,89200.0,1.0
2506,110932.0,1.0
2507,6675.0,3.0
2508,286979.0,1.0
2509,384301.0,1.0
2510,384302.0,1.0
2511,384303.0,1.0
2512,26516.0,1.0
2513,384304.0,1.0
2514,384305.0,1.0
2515,6713.0,4.0
2516,384306.0,1.0
2517,384307.0,1.0
2518,384308.0,1.0
2519,384299.0,2.0
2520,384309.0,1.0
2521,384310.0,1.0
2522,384311.0,1.0
2523,71475.0,2.0
2524,144264.0,
2525,384300.0,
2526,277355.0,2.0
2527,43991.0,2.0
2528,424.0,1.0
2529,384298.0,1.0
2530,135016.0,1.0
2531,277358.0,3.0
2532,252778.0,1.0
2533,252777.0,1.0
2534,277359.0,1.0
2535,277361.0,1.0
2536,277362.0,1.0
2537,277360.0,1.0
2538,277363.0,1.0
2539,277357.0,2.0
2540,277356.0,1.0
2541,277354.0,1.0
2542,367308.0,1.0
2543,31962.0,1.0
2544,167110.0,
2545,163766.0,
2546,167109.0,
2547,31967.0,4.0
2548,167111.0,2.0
2549,167113.0,1.0
2550,167112.0,1.0
2551,167114.0,
2552,208888.0,
2553,373745.0,
2554,29339.0,
2555,105885.0,
2556,105893.0,
2557,105884.0,
2558,105899.0,
2559,41991.0,
2560,234309.0,
2561,129339.0,
2562,234310.0,
2563,13488.0,2.0
2564,26963.0,
2565,385417.0,
2566,208658.0,1.0
2567,385416.0,
2568,385418.0,
2569,208651.0,
2570,385423.0,
2571,385422.0,
2572,385420.0,
2573,385421.0,
2574,385419.0,
2575,208649.0,2.0
2576,208650.0,1.0
2577,208652.0,1.0
2578,208653.0,1.0
2579,208654.0,2.0
2580,174842.0,2.0
2581,208655.0,2.0
2582,208657.0,1.0
2583,208656.0,1.0
2584,288800.0,
2585,288799.0,
2586,373405.0,
2587,373404.0,
2588,39531.0,1.0
2589,217088.0,
2590,217089.0,
2591,217090.0,
2592,217091.0,
2593,39900.0,
2594,217087.0,
2595,39884.0,1.0
2596,217047.0,1.0
2597,39551.0,1.0
2598,217054.0,1.0
2599,217055.0,1.0
2600,217056.0,1.0
2601,289.0,
2602,217048.0,2.0
2603,217049.0,
2604,217050.0,
2605,15778.0,
2606,217051.0,
2607,217052.0,
2608,217053.0,
2609,39897.0,
2610,217078.0,
2611,217079.0,
2612,217080.0,
2613,217081.0,
2614,123405.0,2.0
2615,217082.0,
2616,217083.0,
2617,217084.0,
2618,216633.0,
2619,217086.0,
2620,217085.0,
2621,217069.0,1.0
2622,217070.0,1.0
2623,217071.0,1.0
2624,217072.0,1.0
2625,217073.0,1.0
2626,217074.0,1.0
2627,217075.0,1.0
2628,217076.0,1.0
2629,217077.0,1.0
2630,495.0,2.0
2631,39673.0,1.0
2632,217057.0,1.0
2633,217058.0,1.0
2634,217059.0,1.0
2635,217060.0,1.0
2636,217061.0,3.0
2637,217062.0,1.0
2638,217063.0,1.0
2639,217064.0,2.0
2640,217065.0,1.0
2641,217066.0,1.0
2642,19361.0,2.0
2643,217067.0,1.0
2644,217068.0,1.0
2645,3424.0,1.0
2646,18612.0,3.0
2647,38737.0,2.0
2648,135546.0,1.0
2649,135545.0,1.0
2650,135544.0,1.0
2651,135543.0,1.0
2652,108145.0,2.0
2653,24258.0,1.0
2654,108144.0,1.0
2655,108146.0,
2656,108147.0,
2657,138480.0,1.0
2658,138482.0,1.0
2659,138479.0,1.0
2660,138481.0,1.0
2661,228188.0,2.0
2662,24271.0,2.0
2663,228936.0,1.0
2664,264411.0,1.0
2665,237331.0,1.0
2666,266946.0,1.0
2667,237323.0,1.0
2668,266952.0,1.0
2669,201232.0,1.0
2670,266947.0,1.0
2671,266948.0,1.0
2672,264410.0,1.0
2673,266950.0,1.0
2674,237329.0,
2675,346244.0,
2676,227450.0,
2677,227449.0,
2678,227447.0,2.0
2679,227445.0,1.0
2680,227446.0,1.0
2681,192456.0,2.0
2682,227452.0,1.0
2683,227451.0,1.0
2684,227448.0,2.0
2685,56933.0,2.0
2686,287306.0,1.0
2687,287308.0,1.0
2688,287307.0,1.0
2689,384792.0,
2690,384793.0,
2691,340862.0,
2692,141005.0,
2693,84327.0,
2694,84330.0,
2695,259097.0,
2696,259098.0,
2697,364743.0,
2698,101589.0,
2699,8504.0,
2700,101588.0,1.0
2701,245321.0,1.0
2702,58504.0,
2703,492.0,
2704,7449.0,2.0
2705,7450.0,2.0
2706,138190.0,1.0
2707,138188.0,1.0
2708,138189.0,1.0
2709,7448.0,2.0
2710,7447.0,2.0
2711,13238.0,2.0
2712,59050.0,2.0
2713,126452.0,1.0
2714,141780.0,1.0
2715,114216.0,1.0
2716,263113.0,
2717,349048.0,
2718,349049.0,
2719,8275.0,2.0
2720,226149.0,
2721,226151.0,1.0
2722,226150.0,1.0
2723,120689.0,1.0
2724,120690.0,1.0
2725,98872.0,3.0
2726,120692.0,1.0
2727,120693.0,1.0
2728,120691.0,1.0
2729,56106.0,1.0
2730,330983.0,
2731,330986.0,
2732,124879.0,2.0
2733,330991.0,
2734,330990.0,
2735,330987.0,
2736,330992.0,
2737,725.0,
2738,330988.0,
2739,330985.0,
2740,184050.0,
2741,330989.0,
2742,330984.0,
2743,147851.0,
2744,330993.0,
2745,330998.0,
2746,330994.0,
2747,330996.0,1.0
2748,330997.0,
2749,330995.0,
2750,124878.0,2.0
2751,190759.0,1.0
2752,330999.0,1.0
2753,230182.0,
2754,337268.0,2.0
2755,227268.0,2.0
2756,191890.0,1.0
2757,805.0,1.0
2758,345861.0,1.0
2759,345862.0,1.0
2760,345864.0,1.0
2761,345865.0,1.0
2762,345866.0,1.0
2763,223928.0,
2764,223929.0,
2765,221905.0,
2766,51280.0,
2767,92081.0,
2768,215624.0,
2769,215638.0,
2770,51780.0,
2771,224067.0,
2772,224070.0,
2773,162966.0,
2774,224071.0,
2775,10890.0,3.0
2776,51238.0,
2777,162964.0,
2778,162965.0,
2779,162967.0,
2780,162968.0,
2781,162969.0,
2782,20564.0,
2783,49803.0,1.0
2784,215640.0,
2785,215642.0,
2786,215641.0,
2787,16715.0,5.0
2788,92006.0,2.0
2789,17568.0,1.0
2790,141742.0,1.0
2791,91977.0,4.0
2792,162512.0,1.0
2793,162514.0,1.0
2794,162508.0,1.0
2795,162513.0,1.0
2796,162509.0,1.0
2797,162511.0,1.0
2798,162510.0,1.0
2799,51245.0,1.0
2800,29854.0,
2801,162502.0,
2802,19170.0,1.0
2803,8384.0,
2804,389.0,
2805,162503.0,
2806,162507.0,
2807,21918.0,1.0
2808,162505.0,
2809,92262.0,
2810,15700.0,
2811,162520.0,
2812,162516.0,
2813,162521.0,
2814,162515.0,
2815,27460.0,
2816,162518.0,
2817,162519.0,
2818,160778.0,
2819,162526.0,1.0
2820,162532.0,1.0
2821,19982.0,1.0
2822,162523.0,1.0
2823,76193.0,1.0
2824,162530.0,1.0
2825,162529.0,1.0
2826,162525.0,1.0
2827,162522.0,1.0
2828,162524.0,1.0
2829,91998.0,1.0
2830,162960.0,1.0
2831,141464.0,1.0
2832,117844.0,1.0
2833,1013.0,1.0
2834,162961.0,1.0
2835,35647.0,1.0
2836,21315.0,1.0
2837,15748.0,1.0
2838,92296.0,1.0
2839,21668.0,1.0
2840,92298.0,1.0
2841,92299.0,1.0
2842,6303.0,
2843,19185.0,
2844,91966.0,
2845,91970.0,
2846,91969.0,
2847,91971.0,
2848,91968.0,
2849,91980.0,
2850,91967.0,
2851,91974.0,
2852,91973.0,
2853,91975.0,
2854,19180.0,
2855,19182.0,
2856,19183.0,
2857,19181.0,1.0
2858,19174.0,2.0
2859,19151.0,2.0
2860,19172.0,1.0
2861,771.0,1.0
2862,3606.0,1.0
2863,19173.0,1.0
2864,19177.0,1.0
2865,19175.0,1.0
2866,19171.0,2.0
2867,19152.0,1.0
2868,19176.0,1.0
2869,11939.0,1.0
2870,19179.0,2.0
2871,43853.0,
2872,43852.0,
2873,5573.0,
2874,51066.0,
2875,23198.0,
2876,63655.0,
2877,830.0,
2878,201644.0,
2879,133543.0,
2880,2891.0,
2881,201640.0,
2882,201643.0,
2883,201635.0,
2884,64251.0,2.0
2885,65530.0,2.0
2886,286815.0,1.0
2887,64217.0,1.0
2888,207687.0,1.0
2889,325075.0,1.0
2890,326523.0,1.0
2891,3663.0,1.0
2892,19198.0,
2893,3664.0,
2894,1157.0,
2895,3665.0,
2896,110366.0,1.0
2897,128381.0,1.0
2898,174866.0,3.0
2899,225877.0,1.0
2900,225879.0,1.0
2901,231706.0,1.0
2902,231227.0,1.0
2903,232012.0,1.0
2904,232011.0,1.0
2905,33817.0,1.0
2906,225912.0,2.0
2907,253342.0,1.0
2908,128382.0,1.0
2909,181325.0,1.0
2910,232010.0,1.0
2911,173744.0,1.0
2912,140900.0,
2913,150327.0,1.0
2914,331505.0,2.0
2915,231038.0,1.0
2916,231039.0,
2917,231040.0,
2918,231037.0,
2919,360432.0,1.0
2920,18775.0,
2921,214392.0,
2922,214393.0,
2923,9344.0,2.0
2924,214560.0,1.0
2925,163949.0,
2926,163950.0,
2927,214455.0,1.0
2928,7291.0,
2929,271469.0,
2930,76766.0,
2931,227527.0,1.0
2932,227609.0,
2933,227610.0,
2934,227611.0,
2935,227612.0,
2936,227526.0,
2937,14994.0,2.0
2938,227614.0,
2939,227616.0,
2940,227615.0,
2941,227617.0,
2942,227618.0,
2943,227619.0,
2944,227622.0,
2945,227624.0,
2946,227625.0,
2947,227626.0,
2948,227523.0,
2949,227644.0,
2950,227422.0,1.0
2951,227656.0,
2952,227423.0,
2953,227424.0,
2954,191938.0,
2955,227425.0,
2956,227426.0,
2957,227427.0,
2958,227428.0,
2959,227429.0,
2960,227430.0,
2961,227431.0,
2962,227432.0,
2963,227417.0,2.0
2964,173751.0,3.0
2965,173749.0,2.0
2966,227418.0,1.0
2967,20964.0,1.0
2968,227419.0,1.0
2969,227420.0,1.0
2970,227421.0,1.0
2971,173753.0,
2972,93083.0,3.0
2973,173757.0,1.0
2974,173761.0,2.0
2975,173762.0,1.0
2976,173768.0,1.0
2977,266964.0,
2978,266963.0,
2979,345505.0,
2980,345504.0,
2981,345502.0,
2982,345503.0,
2983,173320.0,
2984,215818.0,4.0
2985,293564.0,
2986,293565.0,1.0
2987,293566.0,1.0
2988,293568.0,3.0
2989,293567.0,2.0
2990,102970.0,5.0
2991,215817.0,
2992,47339.0,2.0
2993,151233.0,2.0
2994,102971.0,2.0
2995,215816.0,1.0
2996,47352.0,4.0
2997,215815.0,2.0
2998,27514.0,1.0
2999,312075.0,1.0
3000,312074.0,1.0
3001,27506.0,5.0
3002,222256.0,2.0
3003,222257.0,1.0
3004,222255.0,2.0
3005,197570.0,1.0
3006,285134.0,1.0
3007,204456.0,2.0
3008,362049.0,
3009,384864.0,
3010,222729.0,
3011,162007.0,
3012,222736.0,
3013,222728.0,
3014,222730.0,
3015,222731.0,
3016,222732.0,
3017,13272.0,
3018,222733.0,
3019,222734.0,1.0
3020,222735.0,1.0
3021,194064.0,1.0
3022,34061.0,3.0
3023,167556.0,1.0
3024,159097.0,3.0
3025,167558.0,1.0
3026,167557.0,1.0
3027,7752.0,1.0
3028,194068.0,
3029,6658.0,8.0
3030,162009.0,
3031,221369.0,
3032,221370.0,
3033,221371.0,
3034,221314.0,1.0
3035,110458.0,1.0
3036,221368.0,1.0
3037,221992.0,1.0
3038,6518.0,1.0
3039,98654.0,
3040,135180.0,2.0
3041,8920.0,3.0
3042,13263.0,1.0
3043,8921.0,
3044,13273.0,
3045,159091.0,
3046,159094.0,
3047,2114.0,3.0
3048,98861.0,
3049,6656.0,1.0
3050,159096.0,
3051,159093.0,
3052,159092.0,
3053,8915.0,4.0
3054,22429.0,1.0
3055,213606.0,1.0
3056,213607.0,1.0
3057,159095.0,1.0
3058,2331.0,2.0
3059,137750.0,
3060,156968.0,2.0
3061,156959.0,
3062,156963.0,
3063,156964.0,1.0
3064,156960.0,1.0
3065,156958.0,
3066,156961.0,
3067,26515.0,
3068,156966.0,
3069,156965.0,
3070,156996.0,2.0
3071,6646.0,7.0
3072,218756.0,1.0
3073,218755.0,2.0
3074,110427.0,1.0
3075,221189.0,1.0
3076,110479.0,1.0
3077,220578.0,5.0
3078,222309.0,1.0
3079,163460.0,1.0
3080,95224.0,1.0
3081,278762.0,1.0
3082,278761.0,1.0
3083,278760.0,1.0
3084,13939.0,1.0
3085,163335.0,1.0
3086,359560.0,1.0
3087,178380.0,1.0
3088,359558.0,1.0
3089,359559.0,1.0
3090,178399.0,3.0
3091,178400.0,3.0
3092,117280.0,1.0
3093,178414.0,1.0
3094,178401.0,1.0
3095,178402.0,3.0
3096,178403.0,2.0
3097,178415.0,1.0
3098,109231.0,8.0
3099,178404.0,2.0
3100,178405.0,1.0
3101,178407.0,2.0
3102,178408.0,3.0
3103,178409.0,3.0
3104,178417.0,1.0
3105,178418.0,1.0
3106,178419.0,1.0
3107,178420.0,1.0
3108,178410.0,1.0
3109,178411.0,1.0
3110,86796.0,2.0
3111,86884.0,1.0
3112,86797.0,1.0
3113,99937.0,3.0
3114,109232.0,1.0
3115,145410.0,3.0
3116,132092.0,2.0
3117,132093.0,1.0
3118,6419.0,3.0
3119,21965.0,2.0
3120,22001.0,9.0
3121,22002.0,4.0
3122,194041.0,1.0
3123,194040.0,1.0
3124,4202.0,1.0
3125,3531.0,1.0
3126,194042.0,1.0
3127,194039.0,1.0
3128,6990.0,2.0
3129,21964.0,2.0
3130,11630.0,1.0
3131,30536.0,2.0
3132,54287.0,1.0
3133,54288.0,1.0
3134,54289.0,1.0
3135,54290.0,1.0
3136,54291.0,1.0
3137,30539.0,3.0
3138,15293.0,2.0
3139,21530.0,1.0
3140,34893.0,1.0
3141,194038.0,2.0
3142,130561.0,3.0
3143,5337.0,1.0
3144,268279.0,1.0
3145,268278.0,1.0
3146,15553.0,1.0
3147,269485.0,1.0
3148,269484.0,1.0
3149,130543.0,1.0
3150,121579.0,1.0
3151,220660.0,2.0
3152,15411.0,1.0
3153,18935.0,1.0
3154,297668.0,1.0
3155,288649.0,1.0
3156,222692.0,
3157,222693.0,
3158,130539.0,2.0
3159,222690.0,1.0
3160,222691.0,1.0
3161,221129.0,1.0
3162,191135.0,4.0
3163,222694.0,1.0
3164,87495.0,1.0
3165,221130.0,
3166,221131.0,
3167,221132.0,
3168,221133.0,1.0
3169,215412.0,2.0
3170,85837.0,2.0
3171,12467.0,1.0
3172,215413.0,2.0
3173,221145.0,
3174,221148.0,2.0
3175,221149.0,2.0
3176,221150.0,1.0
3177,221151.0,1.0
3178,545.0,1.0
3179,221156.0,
3180,553.0,
3181,22881.0,3.0
3182,1069.0,2.0
3183,385363.0,1.0
3184,385367.0,1.0
3185,24389.0,
3186,191133.0,2.0
3187,191134.0,2.0
3188,191136.0,1.0
3189,223208.0,
3190,285214.0,1.0
3191,285215.0,
3192,337416.0,1.0
3193,337414.0,1.0
3194,364797.0,
3195,285294.0,5.0
3196,285295.0,1.0
3197,285297.0,1.0
3198,285300.0,1.0
3199,233678.0,4.0
3200,131114.0,1.0
3201,337394.0,1.0
3202,337396.0,1.0
3203,337393.0,1.0
3204,337395.0,1.0
3205,379500.0,2.0
3206,21635.0,
3207,50194.0,3.0
3208,249115.0,
3209,112778.0,
3210,274264.0,
3211,274265.0,
3212,274266.0,
3213,228505.0,1.0
3214,274267.0,1.0
3215,274268.0,1.0
3216,191104.0,1.0
3217,274269.0,2.0
3218,274270.0,1.0
3219,274271.0,2.0
3220,274272.0,1.0
3221,190961.0,3.0
3222,274273.0,1.0
3223,274274.0,1.0
3224,274275.0,1.0
3225,228504.0,1.0
3226,14861.0,1.0
3227,11494.0,1.0
3228,228503.0,1.0
3229,228506.0,1.0
3230,228502.0,1.0
3231,5161.0,1.0
3232,228509.0,1.0
3233,228507.0,1.0
3234,228508.0,1.0
3235,191128.0,1.0
3236,215474.0,
3237,85213.0,
3238,215475.0,
3239,191098.0,
3240,155166.0,
3241,191103.0,
3242,44722.0,
3243,8043.0,
3244,191109.0,
3245,8055.0,
3246,130540.0,
3247,130545.0,2.0
3248,130533.0,1.0
3249,83225.0,2.0
3250,80276.0,1.0
3251,130542.0,1.0
3252,24380.0,4.0
3253,190962.0,1.0
3254,3787.0,1.0
3255,190963.0,1.0
3256,190964.0,1.0
3257,189764.0,1.0
3258,190965.0,1.0
3259,194044.0,3.0
3260,194043.0,1.0
3261,22879.0,2.0
3262,151840.0,1.0
3263,151841.0,1.0
3264,151842.0,1.0
3265,3407.0,1.0
3266,104906.0,
3267,104905.0,
3268,218554.0,1.0
3269,218553.0,1.0
3270,337993.0,
3271,285217.0,
3272,220739.0,
3273,29856.0,1.0
3274,151711.0,
3275,93275.0,1.0
3276,26367.0,9.0
3277,17475.0,2.0
3278,319033.0,1.0
3279,319034.0,1.0
3280,319035.0,1.0
3281,319036.0,1.0
3282,228406.0,1.0
3283,228405.0,1.0
3284,212729.0,1.0
3285,174118.0,2.0
3286,26360.0,1.0
3287,107471.0,1.0
3288,212731.0,1.0
3289,212732.0,1.0
3290,212733.0,1.0
3291,93274.0,1.0
3292,228404.0,1.0
3293,93255.0,3.0
3294,82808.0,1.0
3295,93272.0,2.0
3296,176297.0,1.0
3297,213076.0,1.0
3298,213077.0,1.0
3299,213078.0,1.0
3300,93271.0,
3301,93257.0,
3302,30529.0,
3303,43579.0,
3304,93259.0,3.0
3305,1922.0,2.0
3306,45035.0,1.0
3307,93260.0,1.0
3308,93261.0,1.0
3309,93262.0,1.0
3310,93263.0,1.0
3311,93264.0,1.0
3312,93265.0,1.0
3313,93266.0,1.0
3314,180625.0,
3315,297099.0,
3316,248520.0,
3317,176397.0,
3318,176292.0,
3319,365754.0,
3320,176538.0,1.0
3321,176539.0,1.0
3322,223598.0,
3323,123472.0,
3324,223595.0,
3325,22043.0,3.0
3326,223596.0,
3327,43048.0,
3328,223599.0,
3329,223597.0,
3330,16769.0,2.0
3331,221603.0,2.0
3332,221604.0,1.0
3333,260793.0,1.0
3334,28904.0,1.0
3335,207086.0,
3336,207088.0,
3337,207087.0,
3338,12158.0,
3339,41726.0,
3340,8292.0,2.0
3341,41188.0,2.0
3342,200133.0,1.0
3343,200134.0,1.0
3344,39122.0,1.0
3345,201400.0,1.0
3346,200137.0,1.0
3347,200135.0,1.0
3348,200131.0,1.0
3349,40472.0,1.0
3350,200136.0,1.0
3351,40475.0,1.0
3352,200132.0,1.0
3353,21908.0,
3354,200124.0,
3355,200122.0,
3356,105751.0,
3357,200128.0,
3358,14516.0,
3359,200130.0,
3360,200126.0,
3361,200118.0,
3362,200120.0,
3363,23581.0,
3364,200117.0,
3365,8294.0,
3366,200111.0,
3367,200110.0,
3368,178709.0,
3369,22035.0,
3370,105754.0,
3371,200099.0,
3372,200100.0,
3373,34021.0,
3374,105756.0,
3375,62842.0,
3376,66666.0,
3377,86975.0,
3378,105752.0,
3379,105753.0,
3380,105755.0,
3381,105757.0,
3382,105758.0,
3383,124535.0,
3384,215200.0,
3385,219250.0,
3386,374.0,1.0
3387,219529.0,
3388,219803.0,1.0
3389,219802.0,
3390,219106.0,
3391,219247.0,1.0
3392,331443.0,1.0
3393,62983.0,1.0
3394,331449.0,1.0
3395,88841.0,1.0
3396,336103.0,1.0
3397,333647.0,1.0
3398,336110.0,1.0
3399,333018.0,1.0
3400,40473.0,1.0
3401,336102.0,1.0
3402,336101.0,1.0
3403,62920.0,1.0
3404,62918.0,
3405,62921.0,
3406,62924.0,
3407,62922.0,
3408,62928.0,1.0
3409,62929.0,
3410,50411.0,1.0
3411,62930.0,1.0
3412,25223.0,1.0
3413,50410.0,1.0
3414,62934.0,
3415,50412.0,1.0
3416,22882.0,1.0
3417,22884.0,1.0
3418,22883.0,
3419,70972.0,
3420,264001.0,
3421,256428.0,
3422,48747.0,
3423,75372.0,1.0
3424,75741.0,
3425,75374.0,2.0
3426,75373.0,2.0
3427,42278.0,1.0
3428,336778.0,
3429,336777.0,
3430,153291.0,
3431,250961.0,
3432,382811.0,
3433,256727.0,
3434,382812.0,
3435,382813.0,2.0
3436,382814.0,2.0
3437,382815.0,1.0
3438,382816.0,1.0
3439,382817.0,
3440,382818.0,
3441,7865.0,1.0
3442,206085.0,
3443,206077.0,
3444,206103.0,
3445,206067.0,
3446,206101.0,
3447,206064.0,
3448,206066.0,
3449,206089.0,
3450,206071.0,
3451,206080.0,
3452,206102.0,
3453,206096.0,
3454,206105.0,
3455,210470.0,
3456,274574.0,
3457,274575.0,
3458,17778.0,
3459,157483.0,1.0
3460,157484.0,1.0
3461,115044.0,
3462,205822.0,1.0
3463,205825.0,3.0
3464,205824.0,1.0
3465,206177.0,1.0
3466,207227.0,1.0
3467,6717.0,1.0
3468,2538.0,1.0
3469,359453.0,1.0
3470,52252.0,1.0
3471,359454.0,1.0
3472,265775.0,
3473,172853.0,
3474,265777.0,
3475,265776.0,
3476,265781.0,
3477,345204.0,
3478,345205.0,
3479,21090.0,
3480,20765.0,
3481,364712.0,
3482,6773.0,2.0
3483,273498.0,
3484,273499.0,
3485,273500.0,
3486,122309.0,1.0
3487,174977.0,
3488,6761.0,1.0
3489,2107.0,2.0
3490,6764.0,1.0
3491,71674.0,1.0
3492,6772.0,3.0
3493,6774.0,1.0
3494,135193.0,1.0
3495,135194.0,1.0
3496,112034.0,1.0
3497,2106.0,1.0
3498,135195.0,1.0
3499,135196.0,1.0
3500,422.0,1.0
3501,66675.0,1.0
3502,66670.0,2.0
3503,66672.0,1.0
3504,66674.0,1.0
3505,135612.0,2.0
3506,1712.0,2.0
3507,105306.0,2.0
3508,105305.0,1.0
3509,105307.0,2.0
3510,157502.0,1.0
3511,277558.0,
3512,277556.0,
3513,277557.0,
3514,346390.0,2.0
3515,348158.0,2.0
3516,348160.0,1.0
3517,348157.0,1.0
3518,348159.0,1.0
3519,348156.0,1.0
3520,60054.0,1.0
3521,300406.0,
3522,300411.0,
3523,300413.0,
3524,300412.0,
3525,291919.0,
3526,300414.0,
3527,20365.0,
3528,300410.0,
3529,173088.0,
3530,300407.0,
3531,300408.0,
3532,300409.0,
3533,15847.0,
3534,105199.0,
3535,169305.0,
3536,94856.0,
3537,300405.0,
3538,300415.0,
3539,300416.0,
3540,300417.0,
3541,54640.0,
3542,307435.0,
3543,307434.0,
3544,66192.0,
3545,66137.0,
3546,300418.0,
3547,300419.0,
3548,4773.0,3.0
3549,300420.0,
3550,300421.0,
3551,9615.0,
3552,307430.0,1.0
3553,307431.0,
3554,4770.0,2.0
3555,243349.0,1.0
3556,6604.0,2.0
3557,33712.0,1.0
3558,80456.0,1.0
3559,8190.0,1.0
3560,233261.0,
3561,243330.0,
3562,243331.0,
3563,8988.0,1.0
3564,349075.0,1.0
3565,144359.0,1.0
3566,34267.0,4.0
3567,144360.0,
3568,144361.0,
3569,144362.0,
3570,144364.0,1.0
3571,122649.0,1.0
3572,122650.0,1.0
3573,122651.0,1.0
3574,122652.0,1.0
3575,122653.0,3.0
3576,61098.0,1.0
3577,122654.0,1.0
3578,122655.0,1.0
3579,122656.0,1.0
3580,2790.0,
3581,226138.0,
3582,226139.0,
3583,285057.0,
3584,285056.0,
3585,285055.0,
3586,7099.0,3.0
3587,336246.0,2.0
3588,336247.0,1.0
3589,336248.0,1.0
3590,362062.0,1.0
3591,362063.0,1.0
3592,156194.0,
3593,105815.0,
3594,262083.0,
3595,262084.0,
3596,72303.0,2.0
3597,262085.0,
3598,216905.0,2.0
3599,197508.0,3.0
3600,216906.0,1.0
3601,216907.0,1.0
3602,216908.0,1.0
3603,216909.0,1.0
3604,156198.0,1.0
3605,36338.0,1.0
3606,9386.0,2.0
3607,197509.0,
3608,197510.0,
3609,36451.0,3.0
3610,10858.0,1.0
3611,10849.0,1.0
3612,156205.0,1.0
3613,156206.0,1.0
3614,156207.0,1.0
3615,156208.0,1.0
3616,156209.0,1.0
3617,126300.0,2.0
3618,156210.0,1.0
3619,154878.0,1.0
3620,126323.0,
3621,102575.0,2.0
3622,126306.0,2.0
3623,126310.0,1.0
3624,126312.0,1.0
3625,126313.0,1.0
3626,126315.0,1.0
3627,126316.0,1.0
3628,126318.0,1.0
3629,126320.0,1.0
3630,126321.0,1.0
3631,17714.0,
3632,530.0,2.0
3633,63877.0,
3634,126301.0,
3635,102574.0,2.0
3636,126302.0,1.0
3637,126303.0,1.0
3638,126304.0,1.0
3639,126305.0,1.0
3640,113788.0,2.0
3641,113790.0,
3642,113791.0,
3643,18442.0,2.0
3644,8250.0,3.0
3645,113789.0,1.0
3646,113792.0,1.0
3647,57230.0,1.0
3648,113794.0,1.0
3649,113795.0,1.0
3650,72849.0,1.0
3651,113796.0,1.0
3652,102564.0,
3653,102565.0,
3654,14461.0,2.0
3655,51938.0,2.0
3656,57233.0,1.0
3657,101911.0,1.0
3658,101912.0,1.0
3659,101913.0,1.0
3660,57963.0,1.0
3661,101914.0,1.0
3662,22297.0,1.0
3663,101915.0,1.0
3664,101916.0,1.0
3665,101919.0,1.0
3666,3862.0,1.0
3667,101917.0,2.0
3668,109523.0,
3669,28274.0,1.0
3670,112441.0,
3671,112442.0,
3672,112452.0,
3673,10838.0,
3674,112448.0,
3675,112443.0,
3676,112446.0,
3677,112447.0,
3678,112444.0,
3679,227230.0,1.0
3680,131384.0,1.0
3681,211086.0,1.0
3682,227231.0,1.0
3683,228170.0,1.0
3684,227229.0,1.0
3685,191985.0,1.0
3686,112445.0,1.0
3687,154153.0,1.0
3688,126387.0,1.0
3689,42120.0,1.0
3690,42187.0,
3691,19500.0,
3692,42188.0,
3693,42154.0,
3694,42160.0,
3695,38543.0,
3696,4497.0,2.0
3697,19479.0,
3698,19478.0,
3699,19523.0,5.0
3700,42203.0,1.0
3701,42204.0,1.0
3702,42205.0,1.0
3703,48929.0,1.0
3704,19480.0,1.0
3705,42200.0,1.0
3706,28930.0,3.0
3707,51830.0,1.0
3708,46198.0,
3709,95548.0,
3710,42189.0,
3711,42190.0,
3712,19472.0,
3713,10558.0,3.0
3714,42058.0,5.0
3715,36418.0,1.0
3716,4486.0,1.0
3717,45719.0,1.0
3718,33615.0,1.0
3719,15101.0,1.0
3720,6043.0,4.0
3721,42197.0,2.0
3722,48706.0,2.0
3723,16982.0,5.0
3724,42102.0,1.0
3725,16932.0,1.0
3726,42180.0,4.0
3727,53794.0,1.0
3728,46192.0,1.0
3729,16927.0,3.0
3730,19359.0,1.0
3731,55818.0,1.0
3732,32609.0,1.0
3733,19469.0,1.0
3734,7565.0,
3735,10557.0,
3736,10555.0,3.0
3737,42069.0,
3738,33613.0,
3739,51353.0,
3740,16972.0,
3741,19505.0,
3742,51351.0,
3743,19465.0,
3744,42184.0,
3745,53789.0,
3746,34290.0,2.0
3747,42103.0,2.0
3748,28946.0,1.0
3749,44127.0,1.0
3750,51600.0,1.0
3751,51601.0,1.0
3752,45672.0,1.0
3753,42182.0,
3754,42183.0,
3755,31369.0,
3756,4188.0,
3757,47782.0,
3758,57297.0,
3759,51163.0,
3760,51165.0,
3761,6446.0,
3762,47945.0,
3763,2005.0,
3764,34805.0,
3765,4597.0,
3766,13216.0,
3767,42181.0,
3768,56260.0,
3769,56261.0,
3770,42275.0,
3771,42274.0,
3772,42194.0,
3773,45658.0,
3774,45659.0,
3775,45673.0,
3776,14108.0,
3777,8073.0,
3778,3943.0,
3779,12464.0,1.0
3780,31931.0,
3781,42315.0,
3782,37564.0,
3783,4634.0,3.0
3784,6623.0,3.0
3785,3717.0,2.0
3786,31933.0,2.0
3787,31934.0,1.0
3788,3746.0,1.0
3789,22562.0,1.0
3790,15098.0,1.0
3791,31936.0,1.0
3792,21864.0,1.0
3793,8270.0,2.0
3794,499.0,1.0
3795,31985.0,1.0
3796,46409.0,1.0
3797,18591.0,
3798,55226.0,1.0
3799,103024.0,1.0
3800,101648.0,
3801,102641.0,
3802,1985.0,1.0
3803,42955.0,
3804,8159.0,
3805,100670.0,
3806,42322.0,1.0
3807,194008.0,
3808,210435.0,
3809,216616.0,
3810,3266.0,
3811,54225.0,
3812,43905.0,
3813,227265.0,
3814,1870.0,
3815,58058.0,2.0
3816,232477.0,1.0
3817,241724.0,2.0
3818,46024.0,1.0
3819,44237.0,2.0
3820,327674.0,2.0
3821,43066.0,2.0
3822,337975.0,1.0
3823,330030.0,2.0
3824,212191.0,2.0
3825,337976.0,1.0
3826,337974.0,1.0
3827,43050.0,1.0
3828,42868.0,1.0
3829,59983.0,1.0
3830,178815.0,1.0
3831,59651.0,1.0
3832,48173.0,
3833,47878.0,
3834,169420.0,
3835,225678.0,
3836,225679.0,
3837,3324.0,
3838,203388.0,1.0
3839,225490.0,
3840,225489.0,
3841,225488.0,1.0
3842,225491.0,2.0
3843,123767.0,2.0
3844,225493.0,1.0
3845,225492.0,1.0
3846,3443.0,
3847,328381.0,
3848,328380.0,
3849,45394.0,1.0
3850,296046.0,
3851,45373.0,3.0
3852,18497.0,3.0
3853,61040.0,
3854,61042.0,
3855,61044.0,
3856,61041.0,
3857,45393.0,2.0
3858,45385.0,2.0
3859,215902.0,1.0
3860,215903.0,1.0
3861,215901.0,1.0
3862,61037.0,
3863,45381.0,1.0
3864,215907.0,
3865,45386.0,1.0
3866,215904.0,
3867,215905.0,
3868,6277.0,2.0
3869,45375.0,1.0
3870,45377.0,1.0
3871,45379.0,2.0
3872,45383.0,1.0
3873,45384.0,1.0
3874,45387.0,1.0
3875,11386.0,1.0
3876,66729.0,1.0
3877,117948.0,1.0
3878,117949.0,1.0
3879,77571.0,1.0
3880,5610.0,
3881,182247.0,1.0
3882,255324.0,1.0
3883,182237.0,
3884,255323.0,
3885,255326.0,
3886,249306.0,
3887,255325.0,
3888,323950.0,1.0
3889,66730.0,1.0
3890,345837.0,1.0
3891,345832.0,1.0
3892,345831.0,1.0
3893,345830.0,1.0
3894,345836.0,1.0
3895,345835.0,1.0
3896,345833.0,1.0
3897,182249.0,1.0
3898,77578.0,1.0
3899,126270.0,1.0
3900,126273.0,
3901,126275.0,
3902,126276.0,
3903,126277.0,
3904,126278.0,
3905,126279.0,
3906,126271.0,1.0
3907,126272.0,1.0
3908,126265.0,2.0
3909,126262.0,2.0
3910,126266.0,1.0
3911,126267.0,1.0
3912,126268.0,1.0
3913,126269.0,1.0
3914,126260.0,1.0
3915,126263.0,1.0
3916,126264.0,1.0
3917,383654.0,
3918,31856.0,
3919,219406.0,
3920,219407.0,
3921,219408.0,
3922,219396.0,3.0
3923,219399.0,3.0
3924,219402.0,1.0
3925,219403.0,1.0
3926,70554.0,1.0
3927,147107.0,1.0
3928,219404.0,1.0
3929,219405.0,1.0
3930,13642.0,1.0
3931,219400.0,1.0
3932,219401.0,1.0
3933,19637.0,2.0
3934,70489.0,3.0
3935,191745.0,1.0
3936,99756.0,1.0
3937,219397.0,1.0
3938,219398.0,1.0
3939,116797.0,2.0
3940,219393.0,1.0
3941,219394.0,1.0
3942,219395.0,1.0
3943,219391.0,
3944,219392.0,
3945,236582.0,1.0
3946,250219.0,
3947,344562.0,
3948,286831.0,
3949,286832.0,
3950,118486.0,
3951,286834.0,1.0
3952,286835.0,1.0
3953,286837.0,2.0
3954,286836.0,2.0
3955,286838.0,1.0
3956,367634.0,1.0
3957,367635.0,1.0
3958,7564.0,2.0
3959,40599.0,
3960,384999.0,
3961,7562.0,
3962,46751.0,
3963,74279.0,4.0
3964,59165.0,1.0
3965,212847.0,1.0
3966,10702.0,2.0
3967,135378.0,2.0
3968,33751.0,1.0
3969,135421.0,1.0
3970,59162.0,1.0
3971,130691.0,1.0
3972,237169.0,
3973,237170.0,
3974,247226.0,
3975,70743.0,
3976,247235.0,
3977,247212.0,2.0
3978,247220.0,
3979,247229.0,
3980,247219.0,
3981,247218.0,
3982,247213.0,
3983,247208.0,1.0
3984,39302.0,1.0
3985,39301.0,2.0
3986,97548.0,1.0
3987,6988.0,2.0
3988,23607.0,1.0
3989,549.0,1.0
3990,247191.0,1.0
3991,247193.0,
3992,70758.0,
3993,3534.0,5.0
3994,6987.0,2.0
3995,23591.0,1.0
3996,18872.0,1.0
3997,23593.0,1.0
3998,23592.0,1.0
3999,33823.0,1.0
4000,23606.0,1.0
4001,33824.0,1.0
4002,39199.0,
4003,77311.0,1.0
4004,70761.0,
4005,302408.0,
4006,372088.0,1.0
4007,372087.0,1.0
4008,173135.0,1.0
4009,219136.0,
4010,219134.0,1.0
4011,219135.0,1.0
4012,149382.0,
4013,149560.0,
4014,237175.0,
4015,237176.0,
4016,237177.0,
4017,237178.0,
4018,237179.0,4.0
4019,237181.0,1.0
4020,237183.0,1.0
4021,237185.0,1.0
4022,237186.0,1.0
4023,237189.0,
4024,237190.0,1.0
4025,237191.0,2.0
4026,237195.0,3.0
4027,237196.0,1.0
4028,237197.0,3.0
4029,237198.0,1.0
4030,237199.0,3.0
4031,381770.0,1.0
4032,381771.0,1.0
4033,381772.0,1.0
4034,381773.0,1.0
4035,381774.0,1.0
4036,13364.0,1.0
4037,196829.0,1.0
4038,196830.0,1.0
4039,196831.0,1.0
4040,196832.0,1.0
4041,196834.0,1.0
4042,196833.0,1.0
4043,196835.0,1.0
4044,826.0,2.0
4045,328061.0,1.0
4046,328062.0,2.0
4047,328063.0,1.0
4048,212519.0,2.0
4049,213144.0,1.0
4050,213143.0,2.0
4051,213146.0,2.0
4052,213145.0,1.0
4053,328064.0,1.0
4054,328065.0,1.0
4055,328066.0,1.0
4056,362756.0,1.0
4057,362760.0,1.0
4058,362761.0,1.0
4059,362758.0,1.0
4060,362759.0,1.0
4061,362757.0,1.0
4062,1483.0,1.0
4063,219764.0,
4064,219765.0,
4065,219766.0,
4066,22892.0,5.0
4067,219763.0,1.0
4068,114993.0,3.0
4069,219762.0,1.0
4070,219760.0,1.0
4071,219761.0,1.0
4072,50219.0,1.0
4073,114995.0,1.0
4074,114997.0,1.0
4075,115000.0,1.0
4076,115001.0,1.0
4077,229227.0,
4078,229226.0,
4079,162506.0,
4080,380516.0,
4081,380517.0,
4082,380509.0,
4083,25829.0,
4084,25831.0,
4085,25841.0,1.0
4086,25842.0,1.0
4087,25843.0,1.0
4088,25844.0,1.0
4089,25845.0,1.0
4090,25846.0,1.0
4091,25847.0,
4092,30360.0,
4093,30344.0,
4094,30358.0,2.0
4095,50409.0,
4096,50408.0,
4097,203262.0,1.0
4098,153787.0,
4099,153781.0,2.0
4100,103690.0,
4101,370689.0,
4102,211737.0,
4103,370687.0,
4104,370688.0,
4105,13454.0,
4106,153786.0,1.0
4107,2768.0,
4108,153783.0,2.0
4109,123988.0,2.0
4110,193212.0,2.0
4111,123990.0,1.0
4112,213424.0,1.0
4113,18541.0,
4114,23489.0,
4115,23339.0,1.0
4116,23335.0,1.0
4117,8199.0,
4118,23337.0,1.0
4119,23338.0,
4120,304.0,
4121,23336.0,
4122,23629.0,
4123,23630.0,
4124,23329.0,6.0
4125,23625.0,
4126,23626.0,
4127,23627.0,
4128,18082.0,1.0
4129,89652.0,
4130,86619.0,
4131,23334.0,1.0
4132,12628.0,1.0
4133,230140.0,1.0
4134,274487.0,1.0
4135,23333.0,1.0
4136,12630.0,2.0
4137,23328.0,4.0
4138,19202.0,1.0
4139,25071.0,1.0
4140,163168.0,1.0
4141,163169.0,1.0
4142,23331.0,3.0
4143,23332.0,1.0
4144,154338.0,1.0
4145,1626.0,1.0
4146,229326.0,1.0
4147,16.0,4.0
4148,18081.0,1.0
4149,23330.0,1.0
4150,23326.0,1.0
4151,23327.0,1.0
4152,23637.0,1.0
4153,23638.0,1.0
4154,23639.0,1.0
4155,23667.0,1.0
4156,4573.0,3.0
4157,25659.0,1.0
4158,25660.0,1.0
4159,7519.0,1.0
4160,8509.0,1.0
4161,18496.0,1.0
4162,4572.0,2.0
4163,8317.0,1.0
4164,8315.0,1.0
4165,8314.0,1.0
4166,8316.0,2.0
4167,8318.0,2.0
4168,3186.0,1.0
4169,23152.0,1.0
4170,47026.0,4.0
4171,15921.0,2.0
4172,105991.0,1.0
4173,1621.0,1.0
4174,1623.0,1.0
4175,140396.0,1.0
4176,266084.0,2.0
4177,288558.0,1.0
4178,20806.0,2.0
4179,15986.0,1.0
4180,86626.0,2.0
4181,21221.0,1.0
4182,85749.0,1.0
4183,347471.0,1.0
4184,347470.0,1.0
4185,347472.0,1.0
4186,165298.0,1.0
4187,361878.0,1.0
4188,132107.0,1.0
4189,201722.0,
4190,132106.0,
4191,201723.0,
4192,201724.0,1.0
4193,132108.0,1.0
4194,132109.0,1.0
4195,248288.0,1.0
4196,53703.0,2.0
4197,248285.0,1.0
4198,248286.0,1.0
4199,248287.0,1.0
4200,248284.0,1.0
4201,132095.0,1.0
4202,248283.0,1.0
4203,248282.0,
4204,96184.0,2.0
4205,35220.0,1.0
4206,248281.0,1.0
4207,248280.0,1.0
4208,248277.0,
4209,248278.0,
4210,248279.0,
4211,96183.0,1.0
4212,224880.0,
4213,91979.0,1.0
4214,132096.0,1.0
4215,99082.0,1.0
4216,209003.0,1.0
4217,110100.0,1.0
4218,223629.0,1.0
4219,223627.0,1.0
4220,223626.0,1.0
4221,223628.0,1.0
4222,30473.0,1.0
4223,192707.0,
4224,209001.0,
4225,18858.0,
4226,117303.0,
4227,11231.0,
4228,3512.0,1.0
4229,6268.0,1.0
4230,208833.0,
4231,268815.0,
4232,208834.0,
4233,463.0,
4234,208835.0,
4235,208836.0,
4236,3588.0,
4237,4803.0,
4238,86793.0,2.0
4239,91743.0,1.0
4240,91744.0,1.0
4241,4848.0,2.0
4242,91742.0,2.0
4243,26875.0,1.0
4244,151.0,1.0
4245,56003.0,1.0
4246,86794.0,
4247,86795.0,
4248,86792.0,1.0
4249,142511.0,
4250,2776.0,
4251,131790.0,2.0
4252,244173.0,2.0
4253,131794.0,1.0
4254,131807.0,1.0
4255,271834.0,1.0
4256,244697.0,1.0
4257,192401.0,1.0
4258,221756.0,
4259,24015.0,2.0
4260,266458.0,
4261,266457.0,1.0
4262,266456.0,1.0
4263,166746.0,3.0
4264,266455.0,1.0
4265,266454.0,1.0
4266,266453.0,1.0
4267,8512.0,2.0
4268,122762.0,1.0
4269,122766.0,1.0
4270,122769.0,1.0
4271,73579.0,1.0
4272,258538.0,
4273,20839.0,
4274,258539.0,
4275,258537.0,
4276,161165.0,
4277,31623.0,
4278,181968.0,1.0
4279,6627.0,2.0
4280,21286.0,2.0
4281,83112.0,2.0
4282,208230.0,1.0
4283,83131.0,1.0
4284,208232.0,1.0
4285,76775.0,1.0
4286,208231.0,1.0
4287,208228.0,
4288,959.0,
4289,83109.0,2.0
4290,83123.0,
4291,83125.0,
4292,83126.0,
4293,36738.0,
4294,70993.0,
4295,124126.0,
4296,83110.0,3.0
4297,83111.0,1.0
4298,9807.0,1.0
4299,83113.0,2.0
4300,83114.0,1.0
4301,83115.0,2.0
4302,100735.0,1.0
4303,105538.0,1.0
4304,99323.0,1.0
4305,106773.0,4.0
4306,144363.0,
4307,159228.0,
4308,159208.0,
4309,211109.0,1.0
4310,136571.0,1.0
4311,135755.0,2.0
4312,203065.0,2.0
4313,215201.0,3.0
4314,35586.0,1.0
4315,331514.0,1.0
4316,332810.0,
4317,117645.0,
4318,277183.0,
4319,56189.0,
4320,56192.0,
4321,277182.0,
4322,277185.0,
4323,146739.0,
4324,277184.0,
4325,281922.0,
4326,277187.0,
4327,277177.0,
4328,277178.0,
4329,22623.0,
4330,260089.0,
4331,277179.0,
4332,301052.0,
4333,50734.0,
4334,50735.0,2.0
4335,277818.0,
4336,78797.0,1.0
4337,370690.0,
4338,120332.0,2.0
4339,153200.0,1.0
4340,207681.0,
4341,370692.0,
4342,370693.0,
4343,370694.0,
4344,370691.0,1.0
4345,217711.0,1.0
4346,131529.0,
4347,12681.0,
4348,153187.0,2.0
4349,153188.0,1.0
4350,153189.0,1.0
4351,45999.0,3.0
4352,153199.0,1.0
4353,79691.0,1.0
4354,255562.0,2.0
4355,312931.0,1.0
4356,79700.0,1.0
4357,125808.0,1.0
4358,339465.0,2.0
4359,370695.0,1.0
4360,370696.0,1.0
4361,13693.0,
4362,54852.0,
4363,344294.0,
4364,21092.0,
4365,297770.0,
4366,10332.0,1.0
4367,297771.0,
4368,297772.0,
4369,297773.0,
4370,297774.0,
4371,9686.0,1.0
4372,11020.0,1.0
4373,11016.0,1.0
4374,19733.0,
4375,18067.0,
4376,99577.0,
4377,51548.0,
4378,224267.0,
4379,224266.0,
4380,224268.0,
4381,285122.0,2.0
4382,285123.0,1.0
4383,285124.0,1.0
4384,56318.0,1.0
4385,106938.0,1.0
4386,106935.0,1.0
4387,92017.0,2.0
4388,92023.0,2.0
4389,21177.0,2.0
4390,92029.0,1.0
4391,105343.0,3.0
4392,132844.0,1.0
4393,105970.0,1.0
4394,132845.0,1.0
4395,132846.0,1.0
4396,132847.0,1.0
4397,132848.0,1.0
4398,132849.0,1.0
4399,105365.0,1.0
4400,7414.0,
4401,166528.0,
4402,105965.0,
4403,142654.0,
4404,276098.0,2.0
4405,106928.0,1.0
4406,276101.0,1.0
4407,34444.0,1.0
4408,276099.0,1.0
4409,276100.0,1.0
4410,364885.0,
4411,364883.0,
4412,364884.0,
4413,364886.0,
4414,39891.0,
4415,225494.0,
4416,225497.0,
4417,225498.0,
4418,225496.0,1.0
4419,225499.0,
4420,225495.0,
4421,145362.0,1.0
4422,246149.0,
4423,246148.0,
4424,364487.0,2.0
4425,364486.0,2.0
4426,364514.0,1.0
4427,364508.0,1.0
4428,364513.0,1.0
4429,364503.0,1.0
4430,326490.0,1.0
4431,364515.0,1.0
4432,364502.0,1.0
4433,364510.0,1.0
4434,364506.0,1.0
4435,364505.0,1.0
4436,69862.0,
4437,69863.0,
4438,8501.0,
4439,92559.0,
4440,92560.0,
4441,92561.0,1.0
4442,92563.0,
4443,48133.0,1.0
4444,62081.0,1.0
4445,194287.0,1.0
4446,183987.0,1.0
4447,318674.0,
4448,203932.0,
4449,228214.0,1.0
4450,228215.0,1.0
4451,228227.0,
4452,203931.0,
4453,203933.0,
4454,228266.0,
4455,378526.0,1.0
4456,136326.0,3.0
4457,136327.0,1.0
4458,307496.0,
4459,307498.0,
4460,307493.0,1.0
4461,307494.0,1.0
4462,307495.0,1.0
4463,136328.0,1.0
4464,306779.0,1.0
4465,307485.0,2.0
4466,299319.0,2.0
4467,301337.0,1.0
4468,307482.0,1.0
4469,307489.0,1.0
4470,307483.0,1.0
4471,307487.0,1.0
4472,380354.0,
4473,380355.0,
4474,380357.0,
4475,380353.0,
4476,380359.0,
4477,47458.0,
4478,93874.0,
4479,107068.0,2.0
4480,107069.0,1.0
4481,107070.0,3.0
4482,22970.0,4.0
4483,88709.0,2.0
4484,107074.0,1.0
4485,107073.0,1.0
4486,107072.0,1.0
4487,22999.0,
4488,75047.0,5.0
4489,75042.0,1.0
4490,75044.0,2.0
4491,102417.0,2.0
4492,81278.0,2.0
4493,260428.0,2.0
4494,263758.0,1.0
4495,191268.0,
4496,151350.0,
4497,258078.0,
4498,77669.0,
4499,137701.0,1.0
4500,145146.0,1.0
4501,145145.0,2.0
4502,145147.0,1.0
4503,16889.0,
4504,207580.0,
4505,207578.0,
4506,207579.0,
4507,207581.0,
4508,207582.0,
4509,207583.0,
4510,207584.0,
4511,331703.0,1.0
4512,331704.0,1.0
4513,22111.0,
4514,22105.0,
4515,66983.0,
4516,21897.0,2.0
4517,21941.0,2.0
4518,207093.0,1.0
4519,207090.0,1.0
4520,38824.0,3.0
4521,207091.0,2.0
4522,207089.0,1.0
4523,102548.0,2.0
4524,13.0,2.0
4525,36375.0,2.0
4526,207092.0,1.0
4527,41569.0,1.0
4528,207094.0,1.0
4529,207095.0,1.0
4530,207096.0,1.0
4531,207098.0,1.0
4532,207099.0,1.0
4533,1508.0,1.0
4534,207100.0,1.0
4535,21788.0,
4536,62072.0,
4537,105206.0,1.0
4538,207097.0,
4539,6654.0,2.0
4540,6651.0,2.0
4541,105209.0,1.0
4542,6660.0,1.0
4543,105211.0,1.0
4544,105208.0,1.0
4545,38822.0,1.0
4546,105212.0,1.0
4547,19443.0,1.0
4548,105216.0,1.0
4549,105210.0,1.0
4550,6657.0,
4551,38820.0,
4552,102547.0,
4553,38823.0,
4554,19506.0,
4555,219831.0,
4556,336497.0,
4557,336498.0,
4558,71085.0,
4559,237151.0,
4560,11557.0,
4561,11537.0,
4562,237152.0,
4563,85615.0,
4564,237153.0,
4565,223226.0,
4566,223227.0,
4567,4782.0,1.0
4568,156608.0,2.0
4569,11039.0,
4570,228558.0,
4571,331562.0,
4572,331559.0,
4573,11230.0,1.0
4574,100555.0,
4575,331560.0,
4576,331561.0,
4577,228554.0,
4578,228555.0,
4579,228556.0,
4580,45498.0,
4581,156604.0,1.0
4582,11027.0,2.0
4583,228559.0,
4584,78330.0,2.0
4585,68090.0,4.0
4586,14463.0,2.0
4587,14464.0,2.0
4588,11045.0,1.0
4589,78331.0,
4590,11518.0,1.0
4591,215568.0,
4592,13230.0,
4593,3096.0,1.0
4594,20214.0,1.0
4595,7384.0,2.0
4596,14465.0,2.0
4597,8750.0,1.0
4598,14462.0,1.0
4599,4601.0,2.0
4600,14466.0,1.0
4601,7385.0,
4602,8299.0,
4603,43412.0,4.0
4604,40753.0,1.0
4605,138002.0,1.0
4606,156601.0,1.0
4607,162054.0,1.0
4608,156602.0,1.0
4609,156603.0,1.0
4610,278045.0,
4611,40583.0,2.0
4612,222052.0,1.0
4613,77007.0,1.0
4614,358715.0,1.0
4615,40673.0,1.0
4616,40677.0,1.0
4617,60217.0,1.0
4618,40691.0,3.0
4619,61316.0,1.0
4620,40689.0,1.0
4621,213454.0,1.0
4622,213455.0,1.0
4623,255810.0,2.0
4624,40570.0,1.0
4625,40748.0,3.0
4626,237158.0,3.0
4627,11209.0,1.0
4628,40768.0,1.0
4629,303191.0,1.0
4630,9212.0,1.0
4631,48831.0,
4632,48832.0,
4633,48833.0,1.0
4634,207322.0,
4635,207323.0,
4636,78343.0,1.0
4637,207321.0,
4638,207325.0,
4639,78342.0,2.0
4640,207324.0,
4641,78339.0,2.0
4642,78338.0,2.0
4643,78340.0,1.0
4644,78341.0,1.0
4645,33199.0,1.0
4646,162184.0,
4647,162185.0,
4648,162186.0,
4649,214991.0,
4650,214990.0,
4651,162189.0,
4652,85178.0,
4653,214989.0,
4654,273919.0,
4655,273920.0,
4656,329207.0,
4657,329210.0,
4658,329208.0,
4659,329209.0,
4660,345959.0,1.0
4661,345971.0,1.0
4662,5969.0,
4663,5867.0,
4664,222328.0,
4665,346717.0,
4666,346721.0,
4667,346718.0,
4668,346719.0,
4669,289001.0,
4670,346720.0,
4671,108088.0,
4672,108089.0,
4673,108270.0,
4674,108162.0,
4675,108161.0,1.0
4676,108271.0,
4677,108272.0,
4678,108273.0,
4679,108160.0,
4680,108163.0,
4681,108164.0,1.0
4682,108085.0,2.0
4683,108087.0,2.0
4684,108274.0,1.0
4685,108086.0,1.0
4686,108275.0,1.0
4687,108276.0,1.0
4688,108278.0,1.0
4689,108167.0,2.0
4690,108279.0,1.0
4691,108280.0,1.0
4692,108285.0,
4693,108281.0,
4694,108282.0,
4695,108284.0,
4696,4793.0,2.0
4697,108084.0,
4698,108286.0,
4699,108287.0,
4700,108288.0,
4701,108289.0,
4702,108290.0,
4703,108291.0,
4704,108293.0,
4705,108294.0,
4706,108295.0,
4707,108165.0,1.0
4708,108166.0,1.0
4709,13989.0,4.0
4710,108169.0,1.0
4711,108170.0,1.0
4712,108171.0,1.0
4713,108172.0,1.0
4714,263307.0,1.0
4715,63376.0,4.0
4716,13988.0,5.0
4717,108080.0,4.0
4718,30496.0,1.0
4719,108296.0,2.0
4720,108297.0,1.0
4721,108298.0,2.0
4722,13990.0,4.0
4723,108300.0,1.0
4724,108301.0,1.0
4725,108303.0,1.0
4726,108302.0,1.0
4727,108304.0,1.0
4728,108305.0,1.0
4729,108083.0,2.0
4730,108312.0,1.0
4731,108313.0,2.0
4732,108314.0,1.0
4733,13683.0,1.0
4734,108082.0,1.0
4735,108081.0,2.0
4736,13987.0,2.0
4737,108316.0,1.0
4738,54708.0,1.0
4739,13975.0,2.0
4740,108317.0,1.0
4741,108318.0,1.0
4742,108319.0,1.0
4743,108320.0,1.0
4744,13991.0,1.0
4745,13984.0,2.0
4746,13979.0,2.0
4747,13968.0,1.0
4748,13985.0,1.0
4749,13986.0,1.0
4750,13981.0,1.0
4751,108079.0,1.0
4752,13973.0,1.0
4753,13980.0,
4754,13978.0,
4755,13967.0,
4756,13969.0,
4757,13970.0,
4758,13971.0,
4759,13972.0,
4760,13974.0,
4761,13976.0,
4762,13977.0,
4763,108078.0,
4764,61131.0,2.0
4765,87396.0,2.0
4766,88601.0,1.0
4767,94548.0,1.0
4768,16368.0,1.0
4769,91082.0,1.0
4770,94549.0,1.0
4771,91075.0,1.0
4772,91025.0,1.0
4773,94550.0,1.0
4774,91039.0,1.0
4775,63296.0,1.0
4776,63303.0,1.0
4777,181013.0,
4778,88609.0,1.0
4779,850.0,1.0
4780,192035.0,2.0
4781,52885.0,1.0
4782,303716.0,2.0
4783,181120.0,
4784,63305.0,2.0
4785,246165.0,2.0
4786,52888.0,1.0
4787,63354.0,1.0
4788,337904.0,1.0
4789,337937.0,1.0
4790,337934.0,1.0
4791,337936.0,1.0
4792,337935.0,1.0
4793,345692.0,1.0
4794,35928.0,
4795,369556.0,
4796,89444.0,1.0
4797,226030.0,
4798,54809.0,
4799,226031.0,
4800,226032.0,
4801,105771.0,
4802,226027.0,
4803,115490.0,1.0
4804,234838.0,
4805,234836.0,1.0
4806,234840.0,
4807,234841.0,
4808,116466.0,1.0
4809,294654.0,
4810,20562.0,1.0
4811,294656.0,
4812,294657.0,
4813,294655.0,
4814,294658.0,
4815,214855.0,1.0
4816,35245.0,1.0
4817,61072.0,1.0
4818,63752.0,1.0
4819,20565.0,
4820,61198.0,
4821,215758.0,
4822,215759.0,
4823,215761.0,
4824,215762.0,
4825,164013.0,
4826,215763.0,
4827,215764.0,
4828,215765.0,
4829,215766.0,
4830,215767.0,
4831,19.0,3.0
4832,61073.0,
4833,61074.0,
4834,61075.0,
4835,61076.0,
4836,61013.0,1.0
4837,61077.0,
4838,61078.0,
4839,61079.0,
4840,9825.0,2.0
4841,61011.0,2.0
4842,61012.0,1.0
4843,18902.0,1.0
4844,61014.0,1.0
4845,61015.0,1.0
4846,61016.0,1.0
4847,61017.0,1.0
4848,60962.0,
4849,18031.0,
4850,50389.0,
4851,60918.0,4.0
4852,60963.0,
4853,60964.0,
4854,60965.0,
4855,18268.0,
4856,8332.0,2.0
4857,16948.0,1.0
4858,60946.0,1.0
4859,60947.0,1.0
4860,54246.0,1.0
4861,60912.0,3.0
4862,386168.0,1.0
4863,25739.0,5.0
4864,60936.0,2.0
4865,18741.0,1.0
4866,60938.0,1.0
4867,60943.0,1.0
4868,60944.0,1.0
4869,60939.0,1.0
4870,60942.0,1.0
4871,60941.0,1.0
4872,19416.0,2.0
4873,8729.0,1.0
4874,60913.0,1.0
4875,60914.0,1.0
4876,60917.0,1.0
4877,60919.0,1.0
4878,60920.0,1.0
4879,19414.0,
4880,60908.0,
4881,60909.0,
4882,60910.0,
4883,203831.0,
4884,8727.0,
4885,19417.0,
4886,176249.0,
4887,66753.0,
4888,18223.0,
4889,15184.0,
4890,176252.0,
4891,176250.0,
4892,176251.0,
4893,176254.0,
4894,8728.0,
4895,19373.0,
4896,8731.0,
4897,8732.0,
4898,5381.0,
4899,10394.0,
4900,164014.0,
4901,147603.0,1.0
4902,147605.0,
4903,183670.0,
4904,147596.0,
4905,164017.0,
4906,147598.0,
4907,111249.0,
4908,164012.0,
4909,164015.0,
4910,261622.0,2.0
4911,111194.0,1.0
4912,66288.0,1.0
4913,201052.0,1.0
4914,111165.0,1.0
4915,186623.0,1.0
4916,5379.0,1.0
4917,227774.0,1.0
4918,66751.0,1.0
4919,8734.0,1.0
4920,3600.0,1.0
4921,265887.0,1.0
4922,61919.0,1.0
4923,111162.0,1.0
4924,359405.0,
4925,359408.0,
4926,359407.0,
4927,359404.0,
4928,359406.0,
4929,345746.0,
4930,131850.0,
4931,364821.0,
4932,364823.0,
4933,364822.0,
4934,364826.0,
4935,3488.0,
4936,291905.0,
4937,248855.0,1.0
4938,327150.0,1.0
4939,327147.0,
4940,78583.0,1.0
4941,216924.0,1.0
4942,370576.0,1.0
4943,370578.0,
4944,154877.0,
4945,184836.0,
4946,137219.0,2.0
4947,137220.0,2.0
4948,370579.0,1.0
4949,370581.0,1.0
4950,370580.0,1.0
4951,331123.0,1.0
4952,92319.0,3.0
4953,35341.0,1.0
4954,39751.0,
4955,92315.0,2.0
4956,136952.0,2.0
4957,92316.0,
4958,35342.0,
4959,92317.0,
4960,92318.0,
4961,111112.0,3.0
4962,111116.0,2.0
4963,111120.0,1.0
4964,111117.0,1.0
4965,111118.0,1.0
4966,124775.0,1.0
4967,111373.0,1.0
4968,124776.0,1.0
4969,124777.0,1.0
4970,124778.0,1.0
4971,240090.0,1.0
4972,240089.0,1.0
4973,131967.0,
4974,131962.0,
4975,135529.0,
4976,219483.0,
4977,345617.0,
4978,345616.0,
4979,136271.0,6.0
4980,233632.0,
4981,233633.0,
4982,233634.0,
4983,233635.0,
4984,233636.0,
4985,233637.0,
4986,233638.0,
4987,233642.0,1.0
4988,233643.0,
4989,233645.0,
4990,233644.0,1.0
4991,136272.0,1.0
4992,136273.0,
4993,208915.0,1.0
4994,208916.0,2.0
4995,255800.0,
4996,255802.0,
4997,255798.0,1.0
4998,324080.0,1.0
4999,120070.0,1.0
5000,324079.0,1.0
5001,356341.0,1.0
5002,356342.0,1.0
5003,356343.0,1.0
5004,377969.0,1.0
5005,245994.0,
5006,245995.0,1.0
5007,245996.0,
5008,240516.0,1.0
5009,240858.0,1.0
5010,254574.0,2.0
5011,254573.0,1.0
5012,232282.0,
5013,232278.0,1.0
5014,219222.0,2.0
5015,224484.0,
5016,224485.0,
5017,224486.0,
5018,224487.0,
5019,219223.0,3.0
5020,224491.0,1.0
5021,224492.0,1.0
5022,224493.0,1.0
5023,219225.0,2.0
5024,224494.0,1.0
5025,219218.0,2.0
5026,224495.0,1.0
5027,224496.0,1.0
5028,224497.0,1.0
5029,224498.0,1.0
5030,224499.0,1.0
5031,224500.0,1.0
5032,224501.0,1.0
5033,224502.0,1.0
5034,33837.0,1.0
5035,219224.0,1.0
5036,219219.0,1.0
5037,219221.0,
5038,219220.0,
5039,219214.0,2.0
5040,219215.0,1.0
5041,219216.0,1.0
5042,219217.0,1.0
5043,378898.0,1.0
5044,378899.0,1.0
5045,378901.0,1.0
5046,378900.0,1.0
5047,8939.0,
5048,175102.0,2.0
5049,249753.0,2.0
5050,249754.0,1.0
5051,249755.0,1.0
5052,249756.0,1.0
5053,249757.0,1.0
5054,249748.0,
5055,249752.0,
5056,249751.0,
5057,249750.0,
5058,287526.0,2.0
5059,287531.0,
5060,7222.0,
5061,287528.0,
5062,362050.0,2.0
5063,362051.0,1.0
5064,362053.0,1.0
5065,214094.0,
5066,15143.0,
5067,220569.0,
5068,220570.0,
5069,139732.0,
5070,214095.0,1.0
5071,220571.0,1.0
5072,86799.0,2.0
5073,213824.0,2.0
5074,213825.0,1.0
5075,213826.0,1.0
5076,86800.0,
5077,86801.0,
5078,86802.0,
5079,213827.0,
5080,383663.0,
5081,383662.0,
5082,112381.0,
5083,112382.0,
5084,112379.0,
5085,112380.0,
5086,65468.0,1.0
5087,35101.0,1.0
5088,65463.0,3.0
5089,65466.0,1.0
5090,65467.0,1.0
5091,34223.0,
5092,18273.0,
5093,65462.0,3.0
5094,297826.0,
5095,297827.0,
5096,297828.0,
5097,15331.0,
5098,117848.0,
5099,65464.0,2.0
5100,53208.0,1.0
5101,248061.0,1.0
5102,248062.0,1.0
5103,248063.0,1.0
5104,65461.0,5.0
5105,19648.0,4.0
5106,94737.0,1.0
5107,94731.0,1.0
5108,18647.0,1.0
5109,248064.0,1.0
5110,62533.0,2.0
5111,15378.0,1.0
5112,248065.0,1.0
5113,248066.0,1.0
5114,26618.0,1.0
5115,132876.0,1.0
5116,248067.0,1.0
5117,8608.0,4.0
5118,94705.0,2.0
5119,230144.0,1.0
5120,54759.0,1.0
5121,230145.0,1.0
5122,230146.0,1.0
5123,26611.0,2.0
5124,72259.0,1.0
5125,95190.0,1.0
5126,94931.0,1.0
5127,65460.0,1.0
5128,217018.0,1.0
5129,217021.0,1.0
5130,217019.0,1.0
5131,217017.0,1.0
5132,217020.0,1.0
5133,65451.0,
5134,196318.0,
5135,110934.0,
5136,196317.0,
5137,19650.0,2.0
5138,19646.0,2.0
5139,95191.0,1.0
5140,94701.0,1.0
5141,11195.0,1.0
5142,131603.0,1.0
5143,131602.0,1.0
5144,3218.0,1.0
5145,54001.0,1.0
5146,19647.0,
5147,76861.0,
5148,19651.0,
5149,78404.0,
5150,112459.0,
5151,112458.0,
5152,110936.0,
5153,112460.0,
5154,110933.0,
5155,34078.0,
5156,110935.0,
5157,215061.0,4.0
5158,215064.0,2.0
5159,211114.0,1.0
5160,67736.0,1.0
5161,216730.0,1.0
5162,60244.0,1.0
5163,215063.0,1.0
5164,26593.0,2.0
5165,67724.0,1.0
5166,136027.0,1.0
5167,325947.0,1.0
5168,308463.0,1.0
5169,329447.0,1.0
5170,335022.0,1.0
5171,136032.0,1.0
5172,15048.0,1.0
5173,6659.0,2.0
5174,178550.0,1.0
5175,194065.0,1.0
5176,194066.0,1.0
5177,194067.0,1.0
5178,6647.0,2.0
5179,6648.0,1.0
5180,6650.0,1.0
5181,6649.0,1.0
5182,6652.0,1.0
5183,6653.0,1.0
5184,6655.0,1.0
5185,110426.0,1.0
5186,110425.0,1.0
5187,8894.0,2.0
5188,110434.0,1.0
5189,8908.0,3.0
5190,110463.0,1.0
5191,110453.0,4.0
5192,346355.0,1.0
5193,110449.0,1.0
5194,166700.0,
5195,166703.0,
5196,166233.0,
5197,166232.0,
5198,166704.0,
5199,166701.0,
5200,166705.0,
5201,166707.0,
5202,166702.0,
5203,166706.0,
5204,44066.0,
5205,166684.0,1.0
5206,166690.0,2.0
5207,166693.0,2.0
5208,166695.0,1.0
5209,165721.0,1.0
5210,166696.0,1.0
5211,166697.0,1.0
5212,166698.0,1.0
5213,166699.0,1.0
5214,166694.0,1.0
5215,106840.0,
5216,57293.0,
5217,166692.0,
5218,166691.0,
5219,166688.0,1.0
5220,166689.0,2.0
5221,57368.0,2.0
5222,166685.0,1.0
5223,166683.0,1.0
5224,166681.0,1.0
5225,57284.0,1.0
5226,166682.0,1.0
5227,166687.0,1.0
5228,166686.0,1.0
5229,248970.0,
5230,57362.0,
5231,248969.0,
5232,249200.0,
5233,249201.0,
5234,359974.0,2.0
5235,359972.0,2.0
5236,57367.0,1.0
5237,359833.0,1.0
5238,283796.0,1.0
5239,30586.0,1.0
5240,359973.0,1.0
5241,331623.0,
5242,261091.0,
5243,139174.0,
5244,280301.0,
5245,280298.0,1.0
5246,280302.0,
5247,25519.0,
5248,7830.0,
5249,280303.0,
5250,246014.0,
5251,280304.0,
5252,280300.0,1.0
5253,280305.0,
5254,139225.0,2.0
5255,280299.0,2.0
5256,148561.0,1.0
5257,22581.0,1.0
5258,280778.0,
5259,245392.0,
5260,245462.0,
5261,245461.0,
5262,286648.0,1.0
5263,286649.0,1.0
5264,173903.0,1.0
5265,276639.0,
5266,276640.0,
5267,329587.0,3.0
5268,329588.0,2.0
5269,329585.0,1.0
5270,329583.0,1.0
5271,329584.0,1.0
5272,329586.0,1.0
5273,329590.0,2.0
5274,277409.0,
5275,277410.0,
5276,277411.0,
5277,242106.0,1.0
5278,277413.0,
5279,5023.0,
5280,277412.0,
5281,277414.0,
5282,290056.0,
5283,362045.0,1.0
5284,112345.0,
5285,230334.0,
5286,230333.0,
5287,112344.0,1.0
5288,230332.0,
5289,230331.0,
5290,230154.0,1.0
5291,112343.0,1.0
5292,212495.0,2.0
5293,21396.0,1.0
5294,230330.0,1.0
5295,112342.0,1.0
5296,230326.0,1.0
5297,21395.0,1.0
5298,27526.0,1.0
5299,47442.0,1.0
5300,230153.0,1.0
5301,21449.0,
5302,21393.0,
5303,7627.0,
5304,21991.0,
5305,21842.0,
5306,27524.0,2.0
5307,33903.0,
5308,27525.0,
5309,157510.0,
5310,271578.0,
5311,24842.0,
5312,363730.0,
5313,256787.0,
5314,345933.0,
5315,273210.0,
5316,222411.0,
5317,34340.0,
5318,384915.0,
5319,384916.0,
5320,177070.0,
5321,144849.0,
5322,9416.0,
5323,144850.0,
5324,310655.0,
5325,259837.0,2.0
5326,384918.0,
5327,384919.0,
5328,384917.0,
5329,144844.0,2.0
5330,144846.0,2.0
5331,79192.0,4.0
5332,144852.0,1.0
5333,144851.0,1.0
5334,8008.0,1.0
5335,367538.0,
5336,144845.0,
5337,216089.0,1.0
5338,216091.0,
5339,216090.0,
5340,259835.0,6.0
5341,223268.0,
5342,223269.0,
5343,257509.0,
5344,259836.0,1.0
5345,154111.0,1.0
5346,227333.0,1.0
5347,260299.0,2.0
5348,260300.0,2.0
5349,159087.0,2.0
5350,260302.0,1.0
5351,260298.0,1.0
5352,268786.0,1.0
5353,283563.0,2.0
5354,283752.0,1.0
5355,223260.0,1.0
5356,154097.0,2.0
5357,260301.0,2.0
5358,154109.0,1.0
5359,345202.0,1.0
5360,4379.0,
5361,367533.0,2.0
5362,367536.0,1.0
5363,367534.0,1.0
5364,367537.0,1.0
5365,367535.0,1.0
5366,257793.0,
5367,896.0,
5368,34265.0,1.0
5369,233455.0,1.0
5370,233456.0,1.0
5371,233452.0,1.0
5372,233453.0,3.0
5373,233454.0,1.0
5374,7161.0,1.0
5375,356432.0,1.0
5376,356433.0,1.0
5377,124240.0,1.0
5378,206784.0,4.0
5379,221565.0,
5380,221578.0,
5381,221566.0,1.0
5382,221568.0,1.0
5383,221579.0,1.0
5384,206783.0,4.0
5385,206782.0,1.0
5386,154972.0,1.0
5387,33537.0,1.0
5388,206785.0,
5389,195755.0,2.0
5390,16835.0,
5391,195756.0,1.0
5392,16831.0,1.0
5393,158207.0,1.0
5394,228441.0,1.0
5395,157142.0,
5396,195757.0,
5397,195758.0,
5398,73015.0,
5399,96705.0,
5400,221598.0,
5401,195485.0,
5402,221596.0,
5403,221597.0,
5404,197030.0,
5405,187596.0,
5406,187597.0,
5407,187527.0,
5408,187598.0,
5409,3901.0,
5410,187599.0,
5411,76790.0,3.0
5412,187593.0,1.0
5413,75670.0,3.0
5414,187594.0,1.0
5415,11158.0,1.0
5416,180558.0,1.0
5417,187595.0,1.0
5418,76789.0,2.0
5419,187579.0,1.0
5420,187581.0,1.0
5421,76760.0,6.0
5422,76786.0,
5423,76763.0,2.0
5424,76769.0,1.0
5425,205462.0,1.0
5426,205272.0,1.0
5427,6991.0,1.0
5428,205274.0,2.0
5429,72710.0,1.0
5430,205273.0,1.0
5431,195470.0,1.0
5432,236040.0,1.0
5433,262012.0,1.0
5434,208317.0,
5435,221627.0,
5436,221631.0,
5437,140996.0,
5438,221632.0,
5439,57162.0,
5440,221629.0,
5441,221628.0,
5442,221630.0,
5443,221626.0,
5444,221636.0,
5445,221637.0,
5446,221638.0,
5447,221633.0,
5448,221639.0,
5449,221635.0,
5450,221634.0,
5451,101212.0,
5452,335344.0,
5453,131468.0,
5454,131469.0,4.0
5455,131467.0,
5456,213830.0,2.0
5457,192111.0,1.0
5458,213831.0,1.0
5459,213832.0,1.0
5460,213829.0,1.0
5461,384971.0,2.0
5462,384970.0,1.0
5463,38686.0,3.0
5464,33654.0,
5465,17078.0,
5466,288152.0,1.0
5467,17075.0,1.0
5468,32418.0,5.0
5469,75353.0,3.0
5470,48885.0,1.0
5471,107071.0,1.0
5472,130221.0,1.0
5473,107001.0,2.0
5474,72344.0,4.0
5475,68661.0,3.0
5476,107002.0,
5477,217564.0,
5478,2049.0,1.0
5479,77768.0,1.0
5480,77766.0,2.0
5481,48390.0,1.0
5482,77767.0,1.0
5483,108226.0,1.0
5484,155100.0,4.0
5485,219054.0,2.0
5486,219055.0,1.0
5487,219059.0,2.0
5488,108228.0,2.0
5489,155106.0,1.0
5490,337391.0,1.0
5491,337392.0,1.0
5492,68713.0,
5493,56175.0,
5494,69747.0,1.0
5495,69458.0,1.0
5496,151494.0,1.0
5497,238423.0,1.0
5498,3535.0,
5499,245679.0,
5500,97154.0,
5501,57194.0,3.0
5502,57195.0,1.0
5503,115508.0,1.0
5504,256785.0,3.0
5505,256784.0,1.0
5506,349275.0,1.0
5507,349276.0,1.0
5508,234564.0,
5509,234566.0,2.0
5510,234565.0,
5511,234568.0,3.0
5512,234567.0,1.0
5513,8056.0,1.0
5514,32617.0,
5515,234569.0,
5516,234570.0,
5517,234571.0,
5518,191433.0,3.0
5519,234573.0,
5520,234574.0,
5521,234572.0,
5522,191430.0,1.0
5523,234575.0,
5524,234578.0,1.0
5525,234576.0,1.0
5526,234577.0,1.0
5527,8011.0,2.0
5528,191428.0,1.0
5529,7137.0,1.0
5530,191429.0,1.0
5531,9049.0,1.0
5532,173783.0,2.0
5533,83498.0,
5534,9047.0,
5535,5226.0,
5536,191431.0,
5537,8885.0,1.0
5538,191432.0,1.0
5539,8822.0,1.0
5540,191434.0,1.0
5541,7136.0,1.0
5542,7138.0,1.0
5543,170443.0,
5544,170444.0,
5545,173478.0,2.0
5546,7135.0,2.0
5547,8888.0,1.0
5548,8816.0,1.0
5549,345476.0,
5550,109283.0,
5551,109287.0,1.0
5552,109288.0,1.0
5553,109289.0,1.0
5554,109290.0,1.0
5555,109223.0,1.0
5556,109224.0,2.0
5557,109225.0,1.0
5558,109226.0,
5559,18855.0,
5560,217961.0,
5561,109227.0,2.0
5562,109401.0,
5563,329427.0,
5564,109228.0,2.0
5565,329428.0,1.0
5566,109229.0,
5567,6836.0,3.0
5568,109230.0,2.0
5569,109222.0,
5570,20358.0,
5571,109221.0,
5572,329429.0,
5573,109215.0,3.0
5574,109220.0,2.0
5575,4847.0,1.0
5576,109218.0,
5577,109217.0,
5578,109216.0,1.0
5579,86805.0,2.0
5580,86806.0,1.0
5581,176382.0,1.0
5582,109313.0,2.0
5583,288520.0,2.0
5584,109356.0,1.0
5585,306310.0,2.0
5586,374646.0,
5587,374645.0,
5588,374647.0,
5589,54053.0,
5590,374644.0,
5591,20658.0,
5592,17168.0,5.0
5593,27842.0,2.0
5594,46170.0,1.0
5595,292026.0,2.0
5596,374648.0,1.0
5597,246688.0,4.0
5598,27852.0,2.0
5599,165687.0,
5600,29778.0,
5601,374649.0,
5602,246689.0,
5603,374650.0,
5604,246687.0,2.0
5605,374651.0,1.0
5606,245249.0,1.0
5607,246686.0,3.0
5608,107464.0,1.0
5609,374656.0,1.0
5610,374652.0,1.0
5611,374653.0,1.0
5612,374655.0,1.0
5613,246685.0,
5614,335528.0,
5615,374654.0,
5616,3054.0,
5617,76618.0,2.0
5618,12261.0,2.0
5619,374657.0,1.0
5620,40410.0,1.0
5621,374658.0,1.0
5622,246670.0,3.0
5623,242090.0,2.0
5624,345144.0,
5625,374659.0,
5626,374660.0,
5627,242091.0,3.0
5628,246668.0,1.0
5629,244908.0,1.0
5630,31892.0,1.0
5631,335534.0,
5632,242170.0,
5633,335535.0,
5634,345143.0,2.0
5635,359465.0,1.0
5636,345145.0,1.0
5637,175201.0,1.0
5638,230160.0,
5639,185073.0,1.0
5640,34030.0,
5641,22656.0,2.0
5642,224355.0,2.0
5643,273956.0,1.0
5644,22659.0,1.0
5645,15514.0,1.0
5646,291771.0,1.0
5647,291772.0,1.0
5648,291773.0,1.0
5649,19218.0,2.0
5650,34031.0,
5651,34032.0,1.0
5652,34033.0,1.0
5653,98828.0,2.0
5654,202607.0,1.0
5655,328729.0,1.0
5656,92705.0,2.0
5657,328730.0,1.0
5658,328731.0,1.0
5659,230167.0,
5660,230166.0,
5661,230170.0,
5662,328141.0,2.0
5663,328142.0,2.0
5664,15424.0,2.0
5665,15432.0,
5666,15433.0,
5667,118282.0,
5668,15833.0,
5669,370565.0,1.0
5670,370566.0,1.0
5671,95895.0,2.0
5672,14166.0,2.0
5673,107125.0,1.0
5674,107126.0,1.0
5675,114991.0,
5676,245397.0,2.0
5677,245398.0,3.0
5678,245399.0,1.0
5679,245401.0,1.0
5680,69941.0,1.0
5681,165850.0,1.0
5682,245400.0,1.0
5683,370564.0,2.0
5684,370562.0,1.0
5685,370561.0,1.0
5686,370563.0,1.0
5687,4831.0,
5688,208999.0,
5689,23666.0,4.0
5690,207564.0,2.0
5691,207565.0,1.0
5692,209119.0,1.0
5693,209096.0,1.0
5694,389971.0,1.0
5695,389972.0,1.0
5696,4845.0,1.0
5697,3505.0,1.0
5698,3513.0,2.0
5699,106008.0,1.0
5700,23661.0,1.0
5701,23662.0,2.0
5702,23663.0,1.0
5703,23664.0,1.0
5704,23665.0,1.0
5705,6854.0,
5706,207536.0,1.0
5707,275738.0,2.0
5708,209089.0,2.0
5709,282816.0,2.0
5710,282817.0,1.0
5711,287708.0,1.0
5712,287710.0,1.0
5713,96953.0,
5714,96961.0,
5715,96960.0,
5716,96959.0,
5717,96958.0,
5718,96957.0,
5719,93946.0,1.0
5720,96954.0,
5721,96955.0,
5722,96956.0,
5723,93948.0,2.0
5724,93949.0,2.0
5725,98151.0,1.0
5726,69850.0,3.0
5727,94109.0,
5728,94111.0,1.0
5729,69851.0,1.0
5730,112183.0,1.0
5731,94126.0,
5732,381633.0,
5733,213257.0,
5734,224517.0,
5735,224516.0,
5736,224518.0,
5737,313171.0,
5738,313169.0,
5739,231.0,
5740,191011.0,
5741,191010.0,
5742,98984.0,3.0
5743,259096.0,1.0
5744,259065.0,1.0
5745,259066.0,1.0
5746,259067.0,1.0
5747,259064.0,1.0
5748,259063.0,
5749,376992.0,
5750,375795.0,
5751,207566.0,1.0
5752,207568.0,
5753,207567.0,
5754,136651.0,1.0
5755,183.0,1.0
5756,378196.0,
5757,144209.0,3.0
5758,144207.0,3.0
5759,144214.0,2.0
5760,207590.0,1.0
5761,144213.0,
5762,144208.0,
5763,144210.0,
5764,144211.0,
5765,144212.0,
5766,32630.0,1.0
5767,897.0,1.0
5768,226853.0,
5769,288669.0,
5770,247833.0,
5771,346255.0,
5772,362064.0,
5773,249886.0,
5774,249887.0,
5775,249888.0,
5776,76434.0,
5777,89449.0,
5778,52310.0,1.0
5779,219427.0,
5780,219428.0,1.0
5781,219429.0,
5782,219430.0,
5783,219431.0,
5784,219432.0,1.0
5785,219433.0,1.0
5786,219434.0,1.0
5787,219435.0,
5788,219437.0,
5789,219438.0,
5790,219439.0,2.0
5791,219442.0,1.0
5792,219444.0,
5793,219445.0,1.0
5794,255035.0,
5795,219464.0,
5796,219475.0,3.0
5797,219463.0,1.0
5798,219461.0,1.0
5799,309298.0,1.0
5800,356344.0,1.0
5801,377954.0,1.0
5802,377953.0,1.0
5803,62953.0,1.0
5804,7261.0,
5805,97293.0,
5806,97296.0,
5807,97295.0,
5808,7262.0,1.0
5809,7265.0,
5810,7266.0,
5811,7267.0,
5812,7268.0,
5813,155935.0,1.0
5814,259628.0,1.0
5815,265210.0,1.0
5816,262451.0,1.0
5817,265209.0,1.0
5818,375534.0,
5819,89435.0,2.0
5820,237161.0,1.0
5821,237159.0,1.0
5822,228580.0,
5823,228581.0,
5824,582.0,
5825,19274.0,1.0
5826,207902.0,4.0
5827,207906.0,1.0
5828,207903.0,2.0
5829,207904.0,2.0
5830,19229.0,2.0
5831,207907.0,2.0
5832,207908.0,2.0
5833,207905.0,1.0
5834,207912.0,1.0
5835,207910.0,1.0
5836,128222.0,1.0
5837,207911.0,1.0
5838,66318.0,2.0
5839,207914.0,1.0
5840,207913.0,1.0
5841,67765.0,4.0
5842,207922.0,1.0
5843,207918.0,2.0
5844,207909.0,2.0
5845,207917.0,2.0
5846,207920.0,1.0
5847,207916.0,3.0
5848,266110.0,1.0
5849,266111.0,1.0
5850,262008.0,1.0
5851,344694.0,2.0
5852,344695.0,2.0
5853,338436.0,1.0
5854,344692.0,1.0
5855,248696.0,1.0
5856,344693.0,1.0
5857,344696.0,1.0
5858,344691.0,1.0
5859,23782.0,1.0
5860,23783.0,
5861,23781.0,2.0
5862,228168.0,
5863,228167.0,
5864,228166.0,
5865,243289.0,
5866,338310.0,
5867,531.0,
5868,9310.0,2.0
5869,22888.0,3.0
5870,20268.0,1.0
5871,20269.0,
5872,39397.0,5.0
5873,260304.0,1.0
5874,260305.0,1.0
5875,223428.0,2.0
5876,223429.0,1.0
5877,223430.0,
5878,216538.0,1.0
5879,223431.0,1.0
5880,223432.0,1.0
5881,223435.0,1.0
5882,223434.0,5.0
5883,223433.0,5.0
5884,223437.0,4.0
5885,223436.0,1.0
5886,223438.0,1.0
5887,223439.0,1.0
5888,109636.0,1.0
5889,223440.0,
5890,223441.0,
5891,223442.0,
5892,223443.0,
5893,223445.0,
5894,223444.0,
5895,226851.0,
5896,297830.0,1.0
5897,297831.0,1.0
5898,251212.0,
5899,370701.0,
5900,223427.0,2.0
5901,19746.0,2.0
5902,227197.0,1.0
5903,227192.0,1.0
5904,227196.0,1.0
5905,227195.0,1.0
5906,227194.0,1.0
5907,227193.0,1.0
5908,223426.0,
5909,328074.0,2.0
5910,328111.0,2.0
5911,327183.0,1.0
5912,180814.0,1.0
5913,328144.0,1.0
5914,49129.0,
5915,102963.0,
5916,102962.0,
5917,103460.0,
5918,102958.0,1.0
5919,102944.0,2.0
5920,102961.0,1.0
5921,45096.0,1.0
5922,102945.0,1.0
5923,87728.0,1.0
5924,32404.0,5.0
5925,103066.0,
5926,103997.0,1.0
5927,58046.0,
5928,58047.0,
5929,59850.0,
5930,61622.0,
5931,61623.0,3.0
5932,61625.0,
5933,46154.0,1.0
5934,56791.0,
5935,42228.0,2.0
5936,61764.0,
5937,49918.0,3.0
5938,56793.0,3.0
5939,45148.0,1.0
5940,167977.0,1.0
5941,49814.0,1.0
5942,49817.0,
5943,44486.0,4.0
5944,6534.0,7.0
5945,101445.0,2.0
5946,44487.0,2.0
5947,162147.0,1.0
5948,162148.0,1.0
5949,102711.0,1.0
5950,101681.0,1.0
5951,54466.0,1.0
5952,101619.0,1.0
5953,60383.0,1.0
5954,283603.0,1.0
5955,102750.0,3.0
5956,101607.0,2.0
5957,102486.0,1.0
