,CandID
0,51506
1,27841
2,283942
3,283945
4,283943
5,283944
6,355290
7,153129
8,191073
9,191074
10,88011
11,47035
12,46143
13,191072
14,45786
15,48385
16,219930
17,215846
18,220132
19,225647
20,273283
21,339075
22,202493
23,101356
24,202494
25,224503
26,13767
27,224504
28,13264
29,224505
30,224506
31,13259
32,497
33,110712
34,101362
35,101363
36,23062
37,101364
38,156300
39,30530
40,96625
41,94012
42,101357
43,101358
44,101359
45,101360
46,93979
47,94011
48,93988
49,130304
50,3042
51,22593
52,217502
53,348976
54,225515
55,225525
56,225518
57,225524
58,225522
59,225523
60,225516
61,225517
62,138825
63,1837
64,225519
65,225520
66,7718
67,225521
68,225510
69,8096
70,14987
71,191
72,225511
73,225513
74,225512
75,225514
76,313166
77,359332
78,89153
79,133188
80,89158
81,16007
82,89159
83,89164
84,105336
85,89161
86,89166
87,75835
88,89160
89,212372
90,91902
91,137923
92,302314
93,382246
94,382247
95,3613
96,245447
97,315100
98,315101
99,136278
100,250654
101,250653
102,257978
103,356336
104,460
105,133198
106,214148
107,275195
108,275196
109,229020
110,275197
111,275198
112,20248
113,229021
114,229019
115,229022
116,92754
117,135062
118,133513
119,275192
120,208167
121,275193
122,68728
123,275194
124,9095
125,9092
126,201440
127,201444
128,201442
129,201445
130,135060
131,16301
132,201446
133,9097
134,201441
135,201447
136,201443
137,275187
138,19075
139,275185
140,275191
141,275190
142,275189
143,275186
144,275188
145,9093
146,127950
147,201437
148,6787
149,19042
150,26
151,201436
152,201439
153,201438
154,9098
155,9094
156,2560
157,9099
158,2569
159,9096
160,138
161,127951
162,208164
163,19079
164,208165
165,208166
166,208163
167,208878
168,208169
169,208877
170,208875
171,208876
172,208171
173,208874
174,184980
175,19082
176,345810
177,68684
178,345814
179,345809
180,345815
181,312620
182,345811
183,345812
184,345813
185,81030
186,9014
187,101006
188,94961
189,213560
190,119037
191,207764
192,213562
193,223073
194,213561
195,213559
196,223074
197,336938
198,336937
199,336936
200,336935
201,208726
202,208731
203,208732
204,208733
205,208730
206,208729
207,208728
208,208727
209,252026
210,259384
211,165197
212,363791
213,363792
214,363793
215,363794
216,363795
217,258048
218,258049
219,258054
220,258050
221,258051
222,258052
223,330981
224,330982
225,360411
226,360412
227,246286
228,4197
229,246291
230,246293
231,246294
232,246295
233,296099
234,18772
235,296106
236,296105
237,296103
238,94806
239,296104
240,15672
241,38179
242,167867
243,30030
244,296098
245,296097
246,296101
247,163182
248,296102
249,296100
250,278722
251,258949
252,296096
253,8416
254,296094
255,230850
256,296095
257,203322
258,25068
259,293569
260,163170
261,163171
262,163172
263,72604
264,25569
265,94791
266,163173
267,163174
268,163175
269,163176
270,163177
271,163178
272,22986
273,163184
274,163181
275,163180
276,163183
277,163185
278,39486
279,163186
280,163189
281,163187
282,39488
283,163188
284,7810
285,39489
286,39485
287,86570
288,104903
289,86567
290,7306
291,54667
292,208185
293,216539
294,222626
295,2653
296,341618
297,28715
298,74032
299,74030
300,74029
301,74028
302,74031
303,217853
304,20017
305,208975
306,271954
307,29440
308,271953
309,284747
310,255522
311,255523
312,255524
313,255525
314,96661
315,255526
316,255527
317,255528
318,96676
319,255529
320,11638
321,255530
322,255531
323,96675
324,255520
325,255521
326,221415
327,3464
328,96655
329,96656
330,96657
331,96658
332,96659
333,96660
334,96662
335,96663
336,96664
337,96665
338,14932
339,96667
340,96668
341,96670
342,96669
343,96649
344,96671
345,96672
346,96673
347,96674
348,96677
349,96683
350,96682
351,96681
352,96680
353,96678
354,96679
355,96684
356,96685
357,96686
358,96646
359,3461
360,96687
361,44624
362,96689
363,96688
364,96642
365,96644
366,96643
367,96645
368,95972
369,96647
370,96690
371,96648
372,96650
373,96651
374,96652
375,96653
376,96654
377,143716
378,203866
379,203867
380,213605
381,203869
382,302707
383,302708
384,341214
385,341213
386,341219
387,341216
388,341215
389,341220
390,341218
391,341217
392,10063
393,100885
394,55447
395,11076
396,53851
397,173481
398,173482
399,7430
400,173483
401,55443
402,11075
403,175710
404,62049
405,62050
406,175711
407,175713
408,175712
409,175714
410,8972
411,11024
412,55450
413,62196
414,3545
415,94832
416,245892
417,56779
418,245891
419,63114
420,286
421,54058
422,245899
423,61330
424,245900
425,11990
426,9243
427,8946
428,245901
429,189920
430,8532
431,189919
432,8976
433,8973
434,63107
435,63111
436,94834
437,138052
438,102178
439,201405
440,21527
441,173238
442,173239
443,173240
444,173241
445,8974
446,6757
447,9396
448,61963
449,61687
450,3380
451,63112
452,63104
453,63103
454,63106
455,63113
456,63110
457,6758
458,135190
459,135192
460,9141
461,135191
462,21722
463,17341
464,11862
465,3383
466,9384
467,17342
468,17344
469,21736
470,9122
471,19375
472,21729
473,17346
474,259778
475,229557
476,276168
477,277111
478,277112
479,286674
480,45173
481,45067
482,215805
483,215806
484,215799
485,238546
486,238545
487,238550
488,238549
489,238548
490,238547
491,215808
492,215809
493,238544
494,238543
495,238537
496,238542
497,238541
498,238540
499,77595
500,27395
501,14899
502,215757
503,238539
504,5386
505,188939
506,215755
507,215756
508,175234
509,218751
510,216401
511,220572
512,216402
513,216403
514,77591
515,77593
516,141088
517,141089
518,141090
519,215753
520,215754
521,188938
522,253938
523,253935
524,332530
525,332532
526,115526
527,33839
528,332529
529,332528
530,214452
531,69217
532,246500
533,296128
534,296129
535,54455
536,42326
537,42327
538,81875
539,228617
540,211733
541,211742
542,211740
543,174741
544,100086
545,211743
546,19664
547,211741
548,73532
549,211739
550,211884
551,73118
552,58634
553,81872
554,211734
555,211735
556,211736
557,61081
558,211738
559,61047
560,100889
561,10686
562,27810
563,211825
564,42036
565,232435
566,232436
567,232437
568,232438
569,232439
570,232440
571,61048
572,100896
573,100895
574,100899
575,100901
576,100891
577,100900
578,100902
579,100897
580,100894
581,100892
582,68158
583,139177
584,141791
585,163941
586,61110
587,163943
588,212179
589,226049
590,227115
591,227116
592,227113
593,227114
594,226557
595,226556
596,227112
597,115013
598,336781
599,26518
600,25370
601,26524
602,26527
603,26526
604,172144
605,294285
606,300035
607,364726
608,71597
609,33334
610,9728
611,215448
612,215449
613,215450
614,215451
615,215452
616,215453
617,215454
618,215439
619,215447
620,167009
621,11641
622,51808
623,215455
624,121119
625,121120
626,17754
627,215456
628,12593
629,121118
630,188854
631,132859
632,121121
633,188855
634,188856
635,72351
636,72352
637,169673
638,207252
639,154855
640,28699
641,72354
642,196355
643,196360
644,196357
645,196359
646,196356
647,196358
648,28701
649,49239
650,100461
651,196354
652,138395
653,138393
654,208007
655,45417
656,138397
657,224523
658,312331
659,223582
660,332669
661,138060
662,138064
663,331586
664,12610
665,330672
666,166595
667,345752
668,118082
669,118083
670,201435
671,289140
672,289139
673,289141
674,28756
675,207599
676,207601
677,207600
678,54749
679,207598
680,207597
681,207612
682,207623
683,207624
684,207626
685,207627
686,207628
687,207629
688,207632
689,207630
690,207593
691,207631
692,201374
693,124077
694,207633
695,124078
696,207634
697,207941
698,124076
699,124079
700,144358
701,54841
702,207679
703,207596
704,54839
705,54831
706,201376
707,207595
708,207592
709,207591
710,207594
711,54832
712,54833
713,54834
714,54734
715,54735
716,38133
717,54736
718,38140
719,54737
720,54738
721,54739
722,7123
723,174856
724,174857
725,174859
726,174858
727,174860
728,285058
729,286577
730,361917
731,361916
732,361915
733,363724
734,354692
735,248620
736,383201
737,383271
738,383159
739,3567
740,110031
741,110032
742,110033
743,76372
744,47469
745,46370
746,76369
747,32429
748,76368
749,76370
750,76661
751,76662
752,110115
753,110116
754,76664
755,76663
756,66228
757,66229
758,66231
759,20861
760,66232
761,63641
762,110117
763,19341
764,61627
765,63642
766,63643
767,32427
768,63645
769,89962
770,89961
771,6122
772,63648
773,63649
774,89963
775,82987
776,63640
777,48647
778,63730
779,63731
780,63647
781,63646
782,93739
783,215478
784,348554
785,348557
786,6121
787,18626
788,93738
789,100887
790,103833
791,348553
792,169920
793,331842
794,169915
795,336177
796,373351
797,1879
798,207571
799,359015
800,359032
801,207572
802,207573
803,64122
804,207574
805,207575
806,14807
807,207576
808,175984
809,25808
810,86553
811,328805
812,328806
813,33775
814,25861
815,26164
816,109543
817,106203
818,86535
819,103377
820,202801
821,208585
822,297079
823,297080
824,86522
825,231992
826,61385
827,346263
828,346262
829,80710
830,80711
831,80712
832,80709
833,39701
834,235827
835,235829
836,235844
837,235846
838,235845
839,235828
840,118437
841,235848
842,235847
843,235849
844,235850
845,235851
846,235831
847,235830
848,39652
849,235852
850,233508
851,235832
852,235853
853,233509
854,233518
855,233486
856,235833
857,235834
858,235854
859,233516
860,233506
861,233517
862,235835
863,235856
864,235855
865,144238
866,144240
867,233510
868,2900
869,233511
870,19178
871,144241
872,144242
873,233507
874,235836
875,235837
876,235858
877,235857
878,44678
879,235859
880,233543
881,164189
882,164190
883,164191
884,164192
885,164185
886,164188
887,164186
888,386184
889,107704
890,310294
891,310282
892,302482
893,77724
894,153753
895,153750
896,153751
897,87973
898,225278
899,254997
900,6844
901,86803
902,213819
903,86804
904,213820
905,228119
906,228121
907,228122
908,228120
909,228118
910,228117
911,228116
912,183096
913,285193
914,361785
915,361786
916,95178
917,297066
918,7941
919,12811
920,275558
921,275560
922,275561
923,176080
924,87358
925,12038
926,12053
927,162435
928,61377
929,12027
930,12030
931,44545
932,44546
933,44547
934,44548
935,256333
936,164712
937,164711
938,59273
939,285130
940,285131
941,285132
942,358701
943,358700
944,358702
945,362048
946,7956
947,339144
948,362047
949,397
950,15168
951,1414
952,71641
953,11013
954,123
955,196517
956,11001
957,11004
958,11003
959,11002
960,19640
961,19629
962,11009
963,17893
964,100987
965,105652
966,50798
967,10296
968,117494
969,21755
970,118155
971,100794
972,284541
973,21750
974,160839
975,21758
976,105611
977,117482
978,246353
979,22129
980,9763
981,118157
982,225685
983,100801
984,359813
985,359814
986,167780
987,115124
988,262672
989,330490
990,25724
991,330491
992,8201
993,8211
994,8200
995,8202
996,8203
997,8204
998,35542
999,19126
1000,162927
1001,8207
1002,11796
1003,8208
1004,162924
1005,75783
1006,8214
1007,8209
1008,17661
1009,8213
1010,36068
1011,59837
1012,59838
1013,16783
1014,8212
1015,6568
1016,540
1017,162928
1018,6569
1019,59836
1020,4487
1021,1076
1022,32499
1023,12438
1024,4544
1025,82471
1026,220638
1027,7218
1028,20028
1029,59835
1030,20025
1031,20027
1032,17809
1033,162316
1034,20026
1035,4171
1036,82001
1037,19585
1038,20023
1039,223683
1040,223682
1041,1086
1042,20022
1043,4273
1044,20021
1045,6497
1046,3685
1047,162930
1048,162929
1049,162931
1050,1075
1051,6427
1052,6426
1053,6564
1054,34069
1055,113906
1056,2813
1057,4575
1058,9837
1059,274
1060,259542
1061,181567
1062,16788
1063,223740
1064,266182
1065,266179
1066,266180
1067,266184
1068,77533
1069,343112
1070,135320
1071,75376
1072,6967
1073,75375
1074,12213
1075,12574
1076,39396
1077,73386
1078,73394
1079,55882
1080,10860
1081,71743
1082,55881
1083,79295
1084,102551
1085,58048
1086,146066
1087,12275
1088,73399
1089,12515
1090,232563
1091,236584
1092,9036
1093,9058
1094,9035
1095,236053
1096,236052
1097,236060
1098,138984
1099,256788
1100,256789
1101,256790
1102,379115
1103,296155
1104,296156
1105,11793
1106,289821
1107,247029
1108,81493
1109,289822
1110,132988
1111,289230
1112,289825
1113,119432
1114,11643
1115,216750
1116,39245
1117,83778
1118,196210
1119,196211
1120,196212
1121,11648
1122,201776
1123,246801
1124,298
1125,215518
1126,18656
1127,112350
1128,221975
1129,11639
1130,17209
1131,221976
1132,1547
1133,12619
1134,4667
1135,4666
1136,75699
1137,178297
1138,221978
1139,221979
1140,215773
1141,11642
1142,108335
1143,222021
1144,46168
1145,100262
1146,169278
1147,201775
1148,2371
1149,84075
1150,216412
1151,3704
1152,38916
1153,38917
1154,12525
1155,78692
1156,88550
1157,10768
1158,76161
1159,87264
1160,88551
1161,88552
1162,83330
1163,83331
1164,83329
1165,103206
1166,104077
1167,94110
1168,104076
1169,216425
1170,216426
1171,87398
1172,257511
1173,243949
1174,246137
1175,246135
1176,246134
1177,246136
1178,310717
1179,207934
1180,112365
1181,207936
1182,207935
1183,207929
1184,207933
1185,207931
1186,207930
1187,207928
1188,261168
1189,251724
1190,251726
1191,247012
1192,247001
1193,247010
1194,255676
1195,266020
1196,2457
1197,328625
1198,249786
1199,349076
1200,14728
1201,112555
1202,109861
1203,112553
1204,112554
1205,112552
1206,112551
1207,109860
1208,3673
1209,209773
1210,239994
1211,224162
1212,239993
1213,239995
1214,279487
1215,279484
1216,128128
1217,279485
1218,279486
1219,279488
1220,370719
1221,370720
1222,17538
1223,102858
1224,102857
1225,262310
1226,17535
1227,17537
1228,17536
1229,17533
1230,10797
1231,10806
1232,101169
1233,17558
1234,83094
1235,17232
1236,262377
1237,262378
1238,14797
1239,17534
1240,17636
1241,14678
1242,17278
1243,17281
1244,10867
1245,17284
1246,23236
1247,25568
1248,25570
1249,25571
1250,37865
1251,25572
1252,37864
1253,135761
1254,262308
1255,288605
1256,14748
1257,342004
1258,21531
1259,282662
1260,294428
1261,294430
1262,294429
1263,87420
1264,364711
1265,164199
1266,84803
1267,164200
1268,164197
1269,164198
1270,281942
1271,281945
1272,330906
1273,40120
1274,322722
1275,322721
1276,103062
1277,381396
1278,34064
1279,290790
1280,290791
1281,290792
1282,290793
1283,290794
1284,290795
1285,228561
1286,290796
1287,92978
1288,181618
1289,126299
1290,290797
1291,290801
1292,290800
1293,290798
1294,290799
1295,290802
1296,290803
1297,290804
1298,290805
1299,290806
1300,290807
1301,22964
1302,290808
1303,290809
1304,290810
1305,265649
1306,296167
1307,296168
1308,296169
1309,296170
1310,296171
1311,296172
1312,215789
1313,296173
1314,138578
1315,291643
1316,296174
1317,215790
1318,215791
1319,215792
1320,216549
1321,228560
1322,6233
1323,136623
1324,14971
1325,296175
1326,216550
1327,18567
1328,215810
1329,215811
1330,215812
1331,215813
1332,19402
1333,52
1334,135577
1335,22961
1336,53
1337,148608
1338,22963
1339,6236
1340,8746
1341,8401
1342,6235
1343,8526
1344,8527
1345,135592
1346,92964
1347,92968
1348,135579
1349,92982
1350,135586
1351,135574
1352,135584
1353,261941
1354,263041
1355,93023
1356,345689
1357,316861
1358,316863
1359,316862
1360,40672
1361,316847
1362,316850
1363,316852
1364,316851
1365,316853
1366,193530
1367,316848
1368,244381
1369,316845
1370,244382
1371,244383
1372,143347
1373,193528
1374,193529
1375,193531
1376,141547
1377,12197
1378,143346
1379,143254
1380,143324
1381,141083
1382,141086
1383,143151
1384,143155
1385,143154
1386,143153
1387,143152
1388,141084
1389,141085
1390,141081
1391,141082
1392,141539
1393,141555
1394,348690
1395,359607
1396,359606
1397,36041
1398,36043
1399,36053
1400,36065
1401,2574
1402,85995
1403,85994
1404,51508
1405,98611
1406,98612
1407,226216
1408,337525
1409,111906
1410,330463
1411,334788
1412,334787
1413,27563
1414,55481
1415,273297
1416,6474
1417,330462
1418,227984
1419,227983
1420,287995
1421,287998
1422,287993
1423,287994
1424,287997
1425,287996
1426,227982
1427,227985
1428,227986
1429,227987
1430,227990
1431,227988
1432,227989
1433,68159
1434,11467
1435,11139
1436,11137
1437,77720
1438,7062
1439,77721
1440,77718
1441,77719
1442,140950
1443,123462
1444,250934
1445,250935
1446,7060
1447,267354
1448,263847
1449,271572
1450,13080
1451,271573
1452,342518
1453,123070
1454,358404
1455,15268
1456,236963
1457,104573
1458,144824
1459,15269
1460,15274
1461,15272
1462,15280
1463,15275
1464,22622
1465,124123
1466,361877
1467,53893
1468,103869
1469,108658
1470,103725
1471,103717
1472,108659
1473,100829
1474,108660
1475,100830
1476,100834
1477,103718
1478,100828
1479,100833
1480,100832
1481,228459
1482,228458
1483,16789
1484,228460
1485,228461
1486,228462
1487,228463
1488,228464
1489,220965
1490,193524
1491,220967
1492,207110
1493,220969
1494,220968
1495,129137
1496,220966
1497,220970
1498,13571
1499,100831
1500,81715
1501,207112
1502,161744
1503,31814
1504,207113
1505,13569
1506,81723
1507,10875
1508,1282
1509,100852
1510,207083
1511,207081
1512,14506
1513,207084
1514,207082
1515,95153
1516,81656
1517,195689
1518,68171
1519,220472
1520,16598
1521,220975
1522,220976
1523,81724
1524,95158
1525,3707
1526,3708
1527,81710
1528,81711
1529,81712
1530,81713
1531,81714
1532,81716
1533,81717
1534,81718
1535,68164
1536,81719
1537,81720
1538,81655
1539,41942
1540,100650
1541,100649
1542,100646
1543,100651
1544,100647
1545,100648
1546,100805
1547,198243
1548,198245
1549,129156
1550,200939
1551,178871
1552,200938
1553,200933
1554,200937
1555,178915
1556,12140
1557,214882
1558,309269
1559,198244
1560,330671
1561,216668
1562,191501
1563,202952
1564,331937
1565,341237
1566,129574
1567,214917
1568,332835
1569,333086
1570,19194
1571,162131
1572,82479
1573,82482
1574,82476
1575,31372
1576,82478
1577,26431
1578,162132
1579,162133
1580,61374
1581,112140
1582,62167
1583,62169
1584,96758
1585,160161
1586,61896
1587,61898
1588,61897
1589,61899
1590,61312
1591,177733
1592,177737
1593,3989
1594,3390
1595,61901
1596,61900
1597,32070
1598,160162
1599,19186
1600,32071
1601,4962
1602,61905
1603,61902
1604,61903
1605,61904
1606,2526
1607,2522
1608,61375
1609,61376
1610,54601
1611,32065
1612,32066
1613,32067
1614,32068
1615,3988
1616,2520
1617,2524
1618,54566
1619,61372
1620,61373
1621,32061
1622,32062
1623,908
1624,12036
1625,191874
1626,2736
1627,54602
1628,2525
1629,2521
1630,2527
1631,3990
1632,2528
1633,122555
1634,54581
1635,54564
1636,103644
1637,54578
1638,76341
1639,122553
1640,122552
1641,122556
1642,60497
1643,246363
1644,15753
1645,246362
1646,156335
1647,246365
1648,154848
1649,54550
1650,318236
1651,154841
1652,340204
1653,340205
1654,176625
1655,107084
1656,107092
1657,36616
1658,107093
1659,107090
1660,107091
1661,109853
1662,112241
1663,112339
1664,156957
1665,157132
1666,112188
1667,157381
1668,36613
1669,228127
1670,228128
1671,228134
1672,80911
1673,228135
1674,151779
1675,228137
1676,228136
1677,44654
1678,228138
1679,44655
1680,44333
1681,100991
1682,41442
1683,100992
1684,285120
1685,285121
1686,338307
1687,362058
1688,362060
1689,362059
1690,79781
1691,383208
1692,81972
1693,81970
1694,14132
1695,12393
1696,88271
1697,216381
1698,216382
1699,216383
1700,334427
1701,334428
1702,338211
1703,216384
1704,312809
1705,215819
1706,287373
1707,215820
1708,3205
1709,208268
1710,208270
1711,208269
1712,267784
1713,345203
1714,72150
1715,4269
1716,227224
1717,335146
1718,228628
1719,228633
1720,95989
1721,95992
1722,228632
1723,228629
1724,228630
1725,228631
1726,95990
1727,95993
1728,95991
1729,228624
1730,228627
1731,228626
1732,228623
1733,228625
1734,330977
1735,330974
1736,330975
1737,330976
1738,330973
1739,145394
1740,133189
1741,133190
1742,93480
1743,132803
1744,93479
1745,132804
1746,132805
1747,93756
1748,132806
1749,132807
1750,93664
1751,93663
1752,93666
1753,34381
1754,93665
1755,93667
1756,23307
1757,331502
1758,14386
1759,229064
1760,229065
1761,277405
1762,277407
1763,277408
1764,277404
1765,15374
1766,69853
1767,69852
1768,69854
1769,69855
1770,93745
1771,287374
1772,228579
1773,228575
1774,228576
1775,228577
1776,191117
1777,228578
1778,275184
1779,384755
1780,384756
1781,49229
1782,126733
1783,126734
1784,126735
1785,126736
1786,126737
1787,126738
1788,256026
1789,256024
1790,256025
1791,385833
1792,385834
1793,236859
1794,236858
1795,8273
1796,236861
1797,236862
1798,236860
1799,25848
1800,25850
1801,25849
1802,22436
1803,25851
1804,25853
1805,25852
1806,117434
1807,117435
1808,5301
1809,208299
1810,208298
1811,208300
1812,312576
1813,375533
1814,276
1815,247070
1816,247071
1817,166680
1818,40617
1819,277420
1820,290055
1821,277415
1822,277416
1823,276079
1824,277417
1825,245003
1826,277419
1827,277422
1828,277421
1829,362040
1830,85367
1831,208077
1832,208078
1833,258053
1834,330980
1835,174843
1836,330978
1837,113221
1838,330979
1839,236618
1840,236619
1841,9462
1842,236617
1843,306890
1844,306888
1845,221735
1846,221733
1847,221745
1848,221724
1849,221741
1850,221734
1851,221736
1852,221725
1853,219734
1854,281952
1855,61052
1856,213811
1857,213810
1858,213809
1859,213803
1860,213806
1861,213807
1862,213805
1863,213808
1864,213800
1865,213804
1866,213802
1867,213801
1868,239311
1869,112509
1870,239310
1871,239312
1872,239309
1873,329020
1874,329021
1875,95316
1876,329023
1877,329022
1878,366117
1879,215529
1880,219501
1881,5513
1882,219503
1883,215541
1884,215537
1885,16321
1886,35885
1887,215540
1888,255038
1889,255039
1890,316110
1891,356337
1892,302319
1893,215534
1894,86875
1895,86876
1896,213813
1897,213814
1898,213815
1899,213816
1900,213817
1901,213818
1902,130369
1903,131464
1904,86798
1905,86881
1906,273093
1907,87514
1908,87517
1909,330480
1910,330481
1911,375524
1912,129371
1913,374190
1914,375525
1915,169259
1916,278822
1917,260817
1918,278813
1919,278818
1920,278817
1921,278819
1922,278820
1923,278821
1924,276144
1925,23788
1926,23787
1927,161643
1928,161644
1929,228173
1930,285125
1931,285127
1932,285126
1933,285128
1934,338309
1935,338308
1936,362061
1937,105440
1938,144823
1939,105441
1940,105442
1941,108604
1942,211171
1943,211172
1944,211922
1945,108601
1946,346256
1947,328816
1948,124083
1949,124084
1950,124085
1951,189933
1952,189934
1953,189935
1954,8336
1955,124098
1956,2788
1957,139778
1958,124099
1959,166069
1960,124094
1961,124092
1962,124090
1963,144497
1964,144495
1965,124096
1966,124093
1967,144475
1968,124088
1969,80089
1970,144943
1971,30449
1972,165789
1973,165791
1974,30455
1975,165795
1976,165800
1977,193971
1978,288662
1979,360197
1980,288667
1981,361908
1982,3182
1983,61080
1984,147592
1985,147593
1986,162333
1987,162334
1988,274746
1989,274747
1990,274748
1991,162345
1992,364816
1993,39347
1994,302714
1995,302716
1996,302715
1997,103947
1998,103946
1999,237337
2000,237338
2001,328706
2002,328703
2003,111344
2004,300888
2005,328702
2006,328705
2007,23534
2008,23535
2009,285226
2010,285227
2011,285228
2012,23542
2013,285229
2014,23536
2015,23537
2016,23539
2017,23540
2018,23544
2019,207531
2020,207532
2021,151843
2022,23548
2023,23549
2024,23550
2025,24997
2026,15558
2027,207533
2028,207535
2029,207534
2030,285201
2031,5162
2032,285200
2033,337990
2034,36021
2035,36022
2036,36023
2037,36024
2038,36025
2039,36026
2040,36027
2041,36029
2042,36031
2043,24065
2044,36032
2045,36033
2046,36034
2047,103102
2048,208113
2049,103101
2050,208108
2051,26636
2052,208109
2053,208110
2054,194071
2055,208111
2056,208114
2057,208112
2058,63040
2059,26800
2060,15278
2061,208115
2062,103099
2063,194055
2064,97287
2065,194072
2066,194076
2067,194070
2068,194077
2069,194073
2070,194075
2071,194074
2072,194056
2073,77392
2074,19295
2075,194078
2076,194052
2077,103096
2078,194057
2079,31964
2080,194051
2081,194060
2082,194059
2083,194061
2084,194062
2085,178641
2086,194054
2087,22951
2088,61018
2089,16079
2090,194053
2091,178642
2092,21645
2093,178643
2094,178638
2095,178637
2096,178640
2097,178639
2098,178616
2099,178617
2100,178614
2101,178615
2102,103095
2103,5894
2104,178613
2105,22958
2106,14929
2107,86132
2108,103694
2109,103693
2110,22959
2111,98767
2112,103041
2113,103042
2114,103043
2115,103044
2116,103045
2117,103046
2118,20845
2119,3135
2120,22960
2121,3122
2122,20841
2123,22954
2124,103063
2125,162410
2126,211993
2127,211995
2128,178618
2129,178623
2130,222259
2131,232359
2132,241974
2133,283377
2134,211994
2135,16288
2136,336625
2137,111293
2138,336623
2139,7087
2140,336882
2141,336883
2142,346093
2143,208102
2144,225701
2145,283968
2146,361237
2147,336890
2148,361549
2149,292521
2150,361550
2151,81851
2152,296284
2153,296283
2154,296280
2155,101083
2156,101080
2157,296278
2158,296279
2159,296276
2160,121250
2161,296277
2162,296274
2163,296275
2164,296281
2165,101082
2166,101084
2167,52269
2168,101081
2169,101035
2170,206655
2171,195111
2172,378450
2173,153789
2174,195112
2175,195107
2176,153790
2177,151250
2178,151251
2179,153791
2180,153792
2181,293571
2182,175556
2183,228365
2184,228373
2185,194
2186,228366
2187,17697
2188,228367
2189,228368
2190,228369
2191,228370
2192,228374
2193,33314
2194,228371
2195,228372
2196,11942
2197,9518
2198,9521
2199,116
2200,9523
2201,9524
2202,168826
2203,196121
2204,196123
2205,9519
2206,196122
2207,9530
2208,166708
2209,14383
2210,130700
2211,284872
2212,271535
2213,184918
2214,11941
2215,344108
2216,184956
2217,184456
2218,344109
2219,344110
2220,223484
2221,218920
2222,233729
2223,233724
2224,5631
2225,233725
2226,233726
2227,233727
2228,233728
2229,233723
2230,233722
2231,233719
2232,233720
2233,794
2234,233721
2235,233705
2236,233716
2237,216404
2238,126185
2239,233710
2240,149576
2241,216405
2242,216406
2243,233706
2244,233707
2245,233708
2246,233709
2247,255258
2248,255259
2249,255261
2250,255260
2251,255262
2252,255263
2253,255264
2254,364474
2255,364475
2256,237116
2257,237117
2258,237118
2259,383452
2260,383451
2261,85221
2262,217011
2263,217010
2264,17919
2265,84470
2266,94586
2267,94587
2268,94589
2269,54412
2270,207743
2271,207744
2272,207745
2273,9606
2274,12314
2275,224265
2276,94585
2277,79667
2278,94588
2279,84471
2280,84469
2281,84472
2282,208224
2283,79598
2284,207925
2285,207924
2286,208221
2287,211895
2288,12309
2289,141132
2290,208225
2291,208222
2292,207923
2293,22452
2294,180544
2295,329599
2296,329598
2297,329597
2298,329594
2299,329595
2300,329591
2301,329592
2302,329596
2303,344546
2304,344545
2305,344547
2306,344548
2307,344549
2308,344550
2309,344551
2310,344552
2311,344553
2312,6983
2313,369551
2314,84520
2315,369553
2316,369552
2317,369554
2318,277794
2319,6986
2320,277798
2321,369550
2322,6985
2323,369549
2324,6982
2325,6969
2326,6972
2327,6968
2328,6970
2329,7424
2330,6984
2331,139658
2332,5063
2333,143913
2334,265456
2335,265459
2336,265455
2337,208004
2338,265451
2339,265453
2340,265458
2341,345348
2342,345346
2343,345344
2344,278897
2345,278898
2346,187641
2347,362448
2348,362447
2349,238602
2350,235213
2351,362449
2352,160700
2353,216548
2354,173090
2355,216544
2356,216545
2357,216546
2358,15452
2359,15816
2360,216543
2361,166358
2362,219061
2363,6634
2364,83345
2365,219550
2366,219062
2367,38559
2368,219549
2369,219548
2370,532
2371,6637
2372,196423
2373,4863
2374,24451
2375,196419
2376,196425
2377,196422
2378,196424
2379,196421
2380,196420
2381,62611
2382,24446
2383,6635
2384,6638
2385,6639
2386,8363
2387,62612
2388,196623
2389,196624
2390,77526
2391,77527
2392,77524
2393,77525
2394,65973
2395,196505
2396,213132
2397,43022
2398,330184
2399,219565
2400,265686
2401,265685
2402,265687
2403,265676
2404,265679
2405,265684
2406,265678
2407,265677
2408,265683
2409,265682
2410,265681
2411,345206
2412,195659
2413,213795
2414,137330
2415,195664
2416,213793
2417,213792
2418,213794
2419,195665
2420,195666
2421,195663
2422,195662
2423,195661
2424,195660
2425,195783
2426,315762
2427,361339
2428,255444
2429,371405
2430,255446
2431,202309
2432,173183
2433,202310
2434,6997
2435,202308
2436,257711
2437,173184
2438,173185
2439,173186
2440,17926
2441,173187
2442,30689
2443,230162
2444,228410
2445,228411
2446,230155
2447,173188
2448,227200
2449,30650
2450,153337
2451,153346
2452,16836
2453,12323
2454,16838
2455,153350
2456,153355
2457,153352
2458,227204
2459,230282
2460,3856
2461,230283
2462,162364
2463,41510
2464,41512
2465,227198
2466,227199
2467,227201
2468,227202
2469,227203
2470,227205
2471,227206
2472,227207
2473,227208
2474,227209
2475,227210
2476,227211
2477,77977
2478,77979
2479,77978
2480,77980
2481,77981
2482,77982
2483,77983
2484,140921
2485,140920
2486,141746
2487,141747
2488,141748
2489,141749
2490,141750
2491,141752
2492,141751
2493,204733
2494,204734
2495,194258
2496,194226
2497,305295
2498,256794
2499,256795
2500,384964
2501,69858
2502,69857
2503,94029
2504,94030
2505,89200
2506,110932
2507,6675
2508,286979
2509,384301
2510,384302
2511,384303
2512,26516
2513,384304
2514,384305
2515,6713
2516,384306
2517,384307
2518,384308
2519,384299
2520,384309
2521,384310
2522,384311
2523,71475
2524,144264
2525,384300
2526,277355
2527,43991
2528,424
2529,384298
2530,135016
2531,277358
2532,252778
2533,252777
2534,277359
2535,277361
2536,277362
2537,277360
2538,277363
2539,277357
2540,277356
2541,277354
2542,367308
2543,31962
2544,167110
2545,163766
2546,167109
2547,31967
2548,167111
2549,167113
2550,167112
2551,167114
2552,208888
2553,373745
2554,29339
2555,105885
2556,105893
2557,105884
2558,105899
2559,41991
2560,234309
2561,129339
2562,234310
2563,13488
2564,26963
2565,385417
2566,208658
2567,385416
2568,385418
2569,208651
2570,385423
2571,385422
2572,385420
2573,385421
2574,385419
2575,208649
2576,208650
2577,208652
2578,208653
2579,208654
2580,174842
2581,208655
2582,208657
2583,208656
2584,288800
2585,288799
2586,373405
2587,373404
2588,39531
2589,217088
2590,217089
2591,217090
2592,217091
2593,39900
2594,217087
2595,39884
2596,217047
2597,39551
2598,217054
2599,217055
2600,217056
2601,289
2602,217048
2603,217049
2604,217050
2605,15778
2606,217051
2607,217052
2608,217053
2609,39897
2610,217078
2611,217079
2612,217080
2613,217081
2614,123405
2615,217082
2616,217083
2617,217084
2618,216633
2619,217086
2620,217085
2621,217069
2622,217070
2623,217071
2624,217072
2625,217073
2626,217074
2627,217075
2628,217076
2629,217077
2630,495
2631,39673
2632,217057
2633,217058
2634,217059
2635,217060
2636,217061
2637,217062
2638,217063
2639,217064
2640,217065
2641,217066
2642,19361
2643,217067
2644,217068
2645,3424
2646,18612
2647,38737
2648,135546
2649,135545
2650,135544
2651,135543
2652,108145
2653,24258
2654,108144
2655,108146
2656,108147
2657,138480
2658,138482
2659,138479
2660,138481
2661,228188
2662,24271
2663,228936
2664,264411
2665,237331
2666,266946
2667,237323
2668,266952
2669,201232
2670,266947
2671,266948
2672,264410
2673,266950
2674,237329
2675,346244
2676,227450
2677,227449
2678,227447
2679,227445
2680,227446
2681,192456
2682,227452
2683,227451
2684,227448
2685,56933
2686,287306
2687,287308
2688,287307
2689,384792
2690,384793
2691,340862
2692,141005
2693,84327
2694,84330
2695,259097
2696,259098
2697,364743
2698,101589
2699,8504
2700,101588
2701,245321
2702,58504
2703,492
2704,7449
2705,7450
2706,138190
2707,138188
2708,138189
2709,7448
2710,7447
2711,13238
2712,59050
2713,126452
2714,141780
2715,114216
2716,263113
2717,349048
2718,349049
2719,8275
2720,226149
2721,226151
2722,226150
2723,120689
2724,120690
2725,98872
2726,120692
2727,120693
2728,120691
2729,56106
2730,330983
2731,330986
2732,124879
2733,330991
2734,330990
2735,330987
2736,330992
2737,725
2738,330988
2739,330985
2740,184050
2741,330989
2742,330984
2743,147851
2744,330993
2745,330998
2746,330994
2747,330996
2748,330997
2749,330995
2750,124878
2751,190759
2752,330999
2753,230182
2754,337268
2755,227268
2756,191890
2757,805
2758,345861
2759,345862
2760,345864
2761,345865
2762,345866
2763,223928
2764,223929
2765,221905
2766,51280
2767,92081
2768,215624
2769,215638
2770,51780
2771,224067
2772,224070
2773,162966
2774,224071
2775,10890
2776,51238
2777,162964
2778,162965
2779,162967
2780,162968
2781,162969
2782,20564
2783,49803
2784,215640
2785,215642
2786,215641
2787,16715
2788,92006
2789,17568
2790,141742
2791,91977
2792,162512
2793,162514
2794,162508
2795,162513
2796,162509
2797,162511
2798,162510
2799,51245
2800,29854
2801,162502
2802,19170
2803,8384
2804,389
2805,162503
2806,162507
2807,21918
2808,162505
2809,92262
2810,15700
2811,162520
2812,162516
2813,162521
2814,162515
2815,27460
2816,162518
2817,162519
2818,160778
2819,162526
2820,162532
2821,19982
2822,162523
2823,76193
2824,162530
2825,162529
2826,162525
2827,162522
2828,162524
2829,91998
2830,162960
2831,141464
2832,117844
2833,1013
2834,162961
2835,35647
2836,21315
2837,15748
2838,92296
2839,21668
2840,92298
2841,92299
2842,6303
2843,19185
2844,91966
2845,91970
2846,91969
2847,91971
2848,91968
2849,91980
2850,91967
2851,91974
2852,91973
2853,91975
2854,19180
2855,19182
2856,19183
2857,19181
2858,19174
2859,19151
2860,19172
2861,771
2862,3606
2863,19173
2864,19177
2865,19175
2866,19171
2867,19152
2868,19176
2869,11939
2870,19179
2871,43853
2872,43852
2873,5573
2874,51066
2875,23198
2876,63655
2877,830
2878,201644
2879,133543
2880,2891
2881,201640
2882,201643
2883,201635
2884,64251
2885,65530
2886,286815
2887,64217
2888,207687
2889,325075
2890,326523
2891,3663
2892,19198
2893,3664
2894,1157
2895,3665
2896,110366
2897,128381
2898,174866
2899,225877
2900,225879
2901,231706
2902,231227
2903,232012
2904,232011
2905,33817
2906,225912
2907,253342
2908,128382
2909,181325
2910,232010
2911,173744
2912,140900
2913,150327
2914,331505
2915,231038
2916,231039
2917,231040
2918,231037
2919,360432
2920,18775
2921,214392
2922,214393
2923,9344
2924,214560
2925,163949
2926,163950
2927,214455
2928,7291
2929,271469
2930,76766
2931,227527
2932,227609
2933,227610
2934,227611
2935,227612
2936,227526
2937,14994
2938,227614
2939,227616
2940,227615
2941,227617
2942,227618
2943,227619
2944,227622
2945,227624
2946,227625
2947,227626
2948,227523
2949,227644
2950,227422
2951,227656
2952,227423
2953,227424
2954,191938
2955,227425
2956,227426
2957,227427
2958,227428
2959,227429
2960,227430
2961,227431
2962,227432
2963,227417
2964,173751
2965,173749
2966,227418
2967,20964
2968,227419
2969,227420
2970,227421
2971,173753
2972,93083
2973,173757
2974,173761
2975,173762
2976,173768
2977,266964
2978,266963
2979,345505
2980,345504
2981,345502
2982,345503
2983,173320
2984,215818
2985,293564
2986,293565
2987,293566
2988,293568
2989,293567
2990,102970
2991,215817
2992,47339
2993,151233
2994,102971
2995,215816
2996,47352
2997,215815
2998,27514
2999,312075
3000,312074
3001,27506
3002,222256
3003,222257
3004,222255
3005,197570
3006,285134
3007,204456
3008,362049
3009,384864
3010,222729
3011,162007
3012,222736
3013,222728
3014,222730
3015,222731
3016,222732
3017,13272
3018,222733
3019,222734
3020,222735
3021,194064
3022,34061
3023,167556
3024,159097
3025,167558
3026,167557
3027,7752
3028,194068
3029,6658
3030,162009
3031,221369
3032,221370
3033,221371
3034,221314
3035,110458
3036,221368
3037,221992
3038,6518
3039,98654
3040,135180
3041,8920
3042,13263
3043,8921
3044,13273
3045,159091
3046,159094
3047,2114
3048,98861
3049,6656
3050,159096
3051,159093
3052,159092
3053,8915
3054,22429
3055,213606
3056,213607
3057,159095
3058,2331
3059,137750
3060,156968
3061,156959
3062,156963
3063,156964
3064,156960
3065,156958
3066,156961
3067,26515
3068,156966
3069,156965
3070,156996
3071,6646
3072,218756
3073,218755
3074,110427
3075,221189
3076,110479
3077,220578
3078,222309
3079,163460
3080,95224
3081,278762
3082,278761
3083,278760
3084,13939
3085,163335
3086,359560
3087,178380
3088,359558
3089,359559
3090,178399
3091,178400
3092,117280
3093,178414
3094,178401
3095,178402
3096,178403
3097,178415
3098,109231
3099,178404
3100,178405
3101,178407
3102,178408
3103,178409
3104,178417
3105,178418
3106,178419
3107,178420
3108,178410
3109,178411
3110,86796
3111,86884
3112,86797
3113,99937
3114,109232
3115,145410
3116,132092
3117,132093
3118,6419
3119,21965
3120,22001
3121,22002
3122,194041
3123,194040
3124,4202
3125,3531
3126,194042
3127,194039
3128,6990
3129,21964
3130,11630
3131,30536
3132,54287
3133,54288
3134,54289
3135,54290
3136,54291
3137,30539
3138,15293
3139,21530
3140,34893
3141,194038
3142,130561
3143,5337
3144,268279
3145,268278
3146,15553
3147,269485
3148,269484
3149,130543
3150,121579
3151,220660
3152,15411
3153,18935
3154,297668
3155,288649
3156,222692
3157,222693
3158,130539
3159,222690
3160,222691
3161,221129
3162,191135
3163,222694
3164,87495
3165,221130
3166,221131
3167,221132
3168,221133
3169,215412
3170,85837
3171,12467
3172,215413
3173,221145
3174,221148
3175,221149
3176,221150
3177,221151
3178,545
3179,221156
3180,553
3181,22881
3182,1069
3183,385363
3184,385367
3185,24389
3186,191133
3187,191134
3188,191136
3189,223208
3190,285214
3191,285215
3192,337416
3193,337414
3194,364797
3195,285294
3196,285295
3197,285297
3198,285300
3199,233678
3200,131114
3201,337394
3202,337396
3203,337393
3204,337395
3205,379500
3206,21635
3207,50194
3208,249115
3209,112778
3210,274264
3211,274265
3212,274266
3213,228505
3214,274267
3215,274268
3216,191104
3217,274269
3218,274270
3219,274271
3220,274272
3221,190961
3222,274273
3223,274274
3224,274275
3225,228504
3226,14861
3227,11494
3228,228503
3229,228506
3230,228502
3231,5161
3232,228509
3233,228507
3234,228508
3235,191128
3236,215474
3237,85213
3238,215475
3239,191098
3240,155166
3241,191103
3242,44722
3243,8043
3244,191109
3245,8055
3246,130540
3247,130545
3248,130533
3249,83225
3250,80276
3251,130542
3252,24380
3253,190962
3254,3787
3255,190963
3256,190964
3257,189764
3258,190965
3259,194044
3260,194043
3261,22879
3262,151840
3263,151841
3264,151842
3265,3407
3266,104906
3267,104905
3268,218554
3269,218553
3270,337993
3271,285217
3272,220739
3273,29856
3274,151711
3275,93275
3276,26367
3277,17475
3278,319033
3279,319034
3280,319035
3281,319036
3282,228406
3283,228405
3284,212729
3285,174118
3286,26360
3287,107471
3288,212731
3289,212732
3290,212733
3291,93274
3292,228404
3293,93255
3294,82808
3295,93272
3296,176297
3297,213076
3298,213077
3299,213078
3300,93271
3301,93257
3302,30529
3303,43579
3304,93259
3305,1922
3306,45035
3307,93260
3308,93261
3309,93262
3310,93263
3311,93264
3312,93265
3313,93266
3314,180625
3315,297099
3316,248520
3317,176397
3318,176292
3319,365754
3320,176538
3321,176539
3322,223598
3323,123472
3324,223595
3325,22043
3326,223596
3327,43048
3328,223599
3329,223597
3330,16769
3331,221603
3332,221604
3333,260793
3334,28904
3335,207086
3336,207088
3337,207087
3338,12158
3339,41726
3340,8292
3341,41188
3342,200133
3343,200134
3344,39122
3345,201400
3346,200137
3347,200135
3348,200131
3349,40472
3350,200136
3351,40475
3352,200132
3353,21908
3354,200124
3355,200122
3356,105751
3357,200128
3358,14516
3359,200130
3360,200126
3361,200118
3362,200120
3363,23581
3364,200117
3365,8294
3366,200111
3367,200110
3368,178709
3369,22035
3370,105754
3371,200099
3372,200100
3373,34021
3374,105756
3375,62842
3376,66666
3377,86975
3378,105752
3379,105753
3380,105755
3381,105757
3382,105758
3383,124535
3384,215200
3385,219250
3386,374
3387,219529
3388,219803
3389,219802
3390,219106
3391,219247
3392,331443
3393,62983
3394,331449
3395,88841
3396,336103
3397,333647
3398,336110
3399,333018
3400,40473
3401,336102
3402,336101
3403,62920
3404,62918
3405,62921
3406,62924
3407,62922
3408,62928
3409,62929
3410,50411
3411,62930
3412,25223
3413,50410
3414,62934
3415,50412
3416,22882
3417,22884
3418,22883
3419,70972
3420,264001
3421,256428
3422,48747
3423,75372
3424,75741
3425,75374
3426,75373
3427,42278
3428,336778
3429,336777
3430,153291
3431,250961
3432,382811
3433,256727
3434,382812
3435,382813
3436,382814
3437,382815
3438,382816
3439,382817
3440,382818
3441,7865
3442,206085
3443,206077
3444,206103
3445,206067
3446,206101
3447,206064
3448,206066
3449,206089
3450,206071
3451,206080
3452,206102
3453,206096
3454,206105
3455,210470
3456,274574
3457,274575
3458,17778
3459,157483
3460,157484
3461,115044
3462,205822
3463,205825
3464,205824
3465,206177
3466,207227
3467,6717
3468,2538
3469,359453
3470,52252
3471,359454
3472,265775
3473,172853
3474,265777
3475,265776
3476,265781
3477,345204
3478,345205
3479,21090
3480,20765
3481,364712
3482,6773
3483,273498
3484,273499
3485,273500
3486,122309
3487,174977
3488,6761
3489,2107
3490,6764
3491,71674
3492,6772
3493,6774
3494,135193
3495,135194
3496,112034
3497,2106
3498,135195
3499,135196
3500,422
3501,66675
3502,66670
3503,66672
3504,66674
3505,135612
3506,1712
3507,105306
3508,105305
3509,105307
3510,157502
3511,277558
3512,277556
3513,277557
3514,346390
3515,348158
3516,348160
3517,348157
3518,348159
3519,348156
3520,60054
3521,300406
3522,300411
3523,300413
3524,300412
3525,291919
3526,300414
3527,20365
3528,300410
3529,173088
3530,300407
3531,300408
3532,300409
3533,15847
3534,105199
3535,169305
3536,94856
3537,300405
3538,300415
3539,300416
3540,300417
3541,54640
3542,307435
3543,307434
3544,66192
3545,66137
3546,300418
3547,300419
3548,4773
3549,300420
3550,300421
3551,9615
3552,307430
3553,307431
3554,4770
3555,243349
3556,6604
3557,33712
3558,80456
3559,8190
3560,233261
3561,243330
3562,243331
3563,8988
3564,349075
3565,144359
3566,34267
3567,144360
3568,144361
3569,144362
3570,144364
3571,122649
3572,122650
3573,122651
3574,122652
3575,122653
3576,61098
3577,122654
3578,122655
3579,122656
3580,2790
3581,226138
3582,226139
3583,285057
3584,285056
3585,285055
3586,7099
3587,336246
3588,336247
3589,336248
3590,362062
3591,362063
3592,156194
3593,105815
3594,262083
3595,262084
3596,72303
3597,262085
3598,216905
3599,197508
3600,216906
3601,216907
3602,216908
3603,216909
3604,156198
3605,36338
3606,9386
3607,197509
3608,197510
3609,36451
3610,10858
3611,10849
3612,156205
3613,156206
3614,156207
3615,156208
3616,156209
3617,126300
3618,156210
3619,154878
3620,126323
3621,102575
3622,126306
3623,126310
3624,126312
3625,126313
3626,126315
3627,126316
3628,126318
3629,126320
3630,126321
3631,17714
3632,530
3633,63877
3634,126301
3635,102574
3636,126302
3637,126303
3638,126304
3639,126305
3640,113788
3641,113790
3642,113791
3643,18442
3644,8250
3645,113789
3646,113792
3647,57230
3648,113794
3649,113795
3650,72849
3651,113796
3652,102564
3653,102565
3654,14461
3655,51938
3656,57233
3657,101911
3658,101912
3659,101913
3660,57963
3661,101914
3662,22297
3663,101915
3664,101916
3665,101919
3666,3862
3667,101917
3668,109523
3669,28274
3670,112441
3671,112442
3672,112452
3673,10838
3674,112448
3675,112443
3676,112446
3677,112447
3678,112444
3679,227230
3680,131384
3681,211086
3682,227231
3683,228170
3684,227229
3685,191985
3686,112445
3687,154153
3688,126387
3689,42120
3690,42187
3691,19500
3692,42188
3693,42154
3694,42160
3695,38543
3696,4497
3697,19479
3698,19478
3699,19523
3700,42203
3701,42204
3702,42205
3703,48929
3704,19480
3705,42200
3706,28930
3707,51830
3708,46198
3709,95548
3710,42189
3711,42190
3712,19472
3713,10558
3714,42058
3715,36418
3716,4486
3717,45719
3718,33615
3719,15101
3720,6043
3721,42197
3722,48706
3723,16982
3724,42102
3725,16932
3726,42180
3727,53794
3728,46192
3729,16927
3730,19359
3731,55818
3732,32609
3733,19469
3734,7565
3735,10557
3736,10555
3737,42069
3738,33613
3739,51353
3740,16972
3741,19505
3742,51351
3743,19465
3744,42184
3745,53789
3746,34290
3747,42103
3748,28946
3749,44127
3750,51600
3751,51601
3752,45672
3753,42182
3754,42183
3755,31369
3756,4188
3757,47782
3758,57297
3759,51163
3760,51165
3761,6446
3762,47945
3763,2005
3764,34805
3765,4597
3766,13216
3767,42181
3768,56260
3769,56261
3770,42275
3771,42274
3772,42194
3773,45658
3774,45659
3775,45673
3776,14108
3777,8073
3778,3943
3779,12464
3780,31931
3781,42315
3782,37564
3783,4634
3784,6623
3785,3717
3786,31933
3787,31934
3788,3746
3789,22562
3790,15098
3791,31936
3792,21864
3793,8270
3794,499
3795,31985
3796,46409
3797,18591
3798,55226
3799,103024
3800,101648
3801,102641
3802,1985
3803,42955
3804,8159
3805,100670
3806,42322
3807,194008
3808,210435
3809,216616
3810,3266
3811,54225
3812,43905
3813,227265
3814,1870
3815,58058
3816,232477
3817,241724
3818,46024
3819,44237
3820,327674
3821,43066
3822,337975
3823,330030
3824,212191
3825,337976
3826,337974
3827,43050
3828,42868
3829,59983
3830,178815
3831,59651
3832,48173
3833,47878
3834,169420
3835,225678
3836,225679
3837,3324
3838,203388
3839,225490
3840,225489
3841,225488
3842,225491
3843,123767
3844,225493
3845,225492
3846,3443
3847,328381
3848,328380
3849,45394
3850,296046
3851,45373
3852,18497
3853,61040
3854,61042
3855,61044
3856,61041
3857,45393
3858,45385
3859,215902
3860,215903
3861,215901
3862,61037
3863,45381
3864,215907
3865,45386
3866,215904
3867,215905
3868,6277
3869,45375
3870,45377
3871,45379
3872,45383
3873,45384
3874,45387
3875,11386
3876,66729
3877,117948
3878,117949
3879,77571
3880,5610
3881,182247
3882,255324
3883,182237
3884,255323
3885,255326
3886,249306
3887,255325
3888,323950
3889,66730
3890,345837
3891,345832
3892,345831
3893,345830
3894,345836
3895,345835
3896,345833
3897,182249
3898,77578
3899,126270
3900,126273
3901,126275
3902,126276
3903,126277
3904,126278
3905,126279
3906,126271
3907,126272
3908,126265
3909,126262
3910,126266
3911,126267
3912,126268
3913,126269
3914,126260
3915,126263
3916,126264
3917,383654
3918,31856
3919,219406
3920,219407
3921,219408
3922,219396
3923,219399
3924,219402
3925,219403
3926,70554
3927,147107
3928,219404
3929,219405
3930,13642
3931,219400
3932,219401
3933,19637
3934,70489
3935,191745
3936,99756
3937,219397
3938,219398
3939,116797
3940,219393
3941,219394
3942,219395
3943,219391
3944,219392
3945,236582
3946,250219
3947,344562
3948,286831
3949,286832
3950,118486
3951,286834
3952,286835
3953,286837
3954,286836
3955,286838
3956,367634
3957,367635
3958,7564
3959,40599
3960,384999
3961,7562
3962,46751
3963,74279
3964,59165
3965,212847
3966,10702
3967,135378
3968,33751
3969,135421
3970,59162
3971,130691
3972,237169
3973,237170
3974,247226
3975,70743
3976,247235
3977,247212
3978,247220
3979,247229
3980,247219
3981,247218
3982,247213
3983,247208
3984,39302
3985,39301
3986,97548
3987,6988
3988,23607
3989,549
3990,247191
3991,247193
3992,70758
3993,3534
3994,6987
3995,23591
3996,18872
3997,23593
3998,23592
3999,33823
4000,23606
4001,33824
4002,39199
4003,77311
4004,70761
4005,302408
4006,372088
4007,372087
4008,173135
4009,219136
4010,219134
4011,219135
4012,149382
4013,149560
4014,237175
4015,237176
4016,237177
4017,237178
4018,237179
4019,237181
4020,237183
4021,237185
4022,237186
4023,237189
4024,237190
4025,237191
4026,237195
4027,237196
4028,237197
4029,237198
4030,237199
4031,381770
4032,381771
4033,381772
4034,381773
4035,381774
4036,13364
4037,196829
4038,196830
4039,196831
4040,196832
4041,196834
4042,196833
4043,196835
4044,826
4045,328061
4046,328062
4047,328063
4048,212519
4049,213144
4050,213143
4051,213146
4052,213145
4053,328064
4054,328065
4055,328066
4056,362756
4057,362760
4058,362761
4059,362758
4060,362759
4061,362757
4062,1483
4063,219764
4064,219765
4065,219766
4066,22892
4067,219763
4068,114993
4069,219762
4070,219760
4071,219761
4072,50219
4073,114995
4074,114997
4075,115000
4076,115001
4077,229227
4078,229226
4079,162506
4080,380516
4081,380517
4082,380509
4083,25829
4084,25831
4085,25841
4086,25842
4087,25843
4088,25844
4089,25845
4090,25846
4091,25847
4092,30360
4093,30344
4094,30358
4095,50409
4096,50408
4097,203262
4098,153787
4099,153781
4100,103690
4101,370689
4102,211737
4103,370687
4104,370688
4105,13454
4106,153786
4107,2768
4108,153783
4109,123988
4110,193212
4111,123990
4112,213424
4113,18541
4114,23489
4115,23339
4116,23335
4117,8199
4118,23337
4119,23338
4120,304
4121,23336
4122,23629
4123,23630
4124,23329
4125,23625
4126,23626
4127,23627
4128,18082
4129,89652
4130,86619
4131,23334
4132,12628
4133,230140
4134,274487
4135,23333
4136,12630
4137,23328
4138,19202
4139,25071
4140,163168
4141,163169
4142,23331
4143,23332
4144,154338
4145,1626
4146,229326
4147,16
4148,18081
4149,23330
4150,23326
4151,23327
4152,23637
4153,23638
4154,23639
4155,23667
4156,4573
4157,25659
4158,25660
4159,7519
4160,8509
4161,18496
4162,4572
4163,8317
4164,8315
4165,8314
4166,8316
4167,8318
4168,3186
4169,23152
4170,47026
4171,15921
4172,105991
4173,1621
4174,1623
4175,140396
4176,266084
4177,288558
4178,20806
4179,15986
4180,86626
4181,21221
4182,85749
4183,347471
4184,347470
4185,347472
4186,165298
4187,361878
4188,132107
4189,201722
4190,132106
4191,201723
4192,201724
4193,132108
4194,132109
4195,248288
4196,53703
4197,248285
4198,248286
4199,248287
4200,248284
4201,132095
4202,248283
4203,248282
4204,96184
4205,35220
4206,248281
4207,248280
4208,248277
4209,248278
4210,248279
4211,96183
4212,224880
4213,91979
4214,132096
4215,99082
4216,209003
4217,110100
4218,223629
4219,223627
4220,223626
4221,223628
4222,30473
4223,192707
4224,209001
4225,18858
4226,117303
4227,11231
4228,3512
4229,6268
4230,208833
4231,268815
4232,208834
4233,463
4234,208835
4235,208836
4236,3588
4237,4803
4238,86793
4239,91743
4240,91744
4241,4848
4242,91742
4243,26875
4244,151
4245,56003
4246,86794
4247,86795
4248,86792
4249,142511
4250,2776
4251,131790
4252,244173
4253,131794
4254,131807
4255,271834
4256,244697
4257,192401
4258,221756
4259,24015
4260,266458
4261,266457
4262,266456
4263,166746
4264,266455
4265,266454
4266,266453
4267,8512
4268,122762
4269,122766
4270,122769
4271,73579
4272,258538
4273,20839
4274,258539
4275,258537
4276,161165
4277,31623
4278,181968
4279,6627
4280,21286
4281,83112
4282,208230
4283,83131
4284,208232
4285,76775
4286,208231
4287,208228
4288,959
4289,83109
4290,83123
4291,83125
4292,83126
4293,36738
4294,70993
4295,124126
4296,83110
4297,83111
4298,9807
4299,83113
4300,83114
4301,83115
4302,100735
4303,105538
4304,99323
4305,106773
4306,144363
4307,159228
4308,159208
4309,211109
4310,136571
4311,135755
4312,203065
4313,215201
4314,35586
4315,331514
4316,332810
4317,117645
4318,277183
4319,56189
4320,56192
4321,277182
4322,277185
4323,146739
4324,277184
4325,281922
4326,277187
4327,277177
4328,277178
4329,22623
4330,260089
4331,277179
4332,301052
4333,50734
4334,50735
4335,277818
4336,78797
4337,370690
4338,120332
4339,153200
4340,207681
4341,370692
4342,370693
4343,370694
4344,370691
4345,217711
4346,131529
4347,12681
4348,153187
4349,153188
4350,153189
4351,45999
4352,153199
4353,79691
4354,255562
4355,312931
4356,79700
4357,125808
4358,339465
4359,370695
4360,370696
4361,13693
4362,54852
4363,344294
4364,21092
4365,297770
4366,10332
4367,297771
4368,297772
4369,297773
4370,297774
4371,9686
4372,11020
4373,11016
4374,19733
4375,18067
4376,99577
4377,51548
4378,224267
4379,224266
4380,224268
4381,285122
4382,285123
4383,285124
4384,56318
4385,106938
4386,106935
4387,92017
4388,92023
4389,21177
4390,92029
4391,105343
4392,132844
4393,105970
4394,132845
4395,132846
4396,132847
4397,132848
4398,132849
4399,105365
4400,7414
4401,166528
4402,105965
4403,142654
4404,276098
4405,106928
4406,276101
4407,34444
4408,276099
4409,276100
4410,364885
4411,364883
4412,364884
4413,364886
4414,39891
4415,225494
4416,225497
4417,225498
4418,225496
4419,225499
4420,225495
4421,145362
4422,246149
4423,246148
4424,364487
4425,364486
4426,364514
4427,364508
4428,364513
4429,364503
4430,326490
4431,364515
4432,364502
4433,364510
4434,364506
4435,364505
4436,69862
4437,69863
4438,8501
4439,92559
4440,92560
4441,92561
4442,92563
4443,48133
4444,62081
4445,194287
4446,183987
4447,318674
4448,203932
4449,228214
4450,228215
4451,228227
4452,203931
4453,203933
4454,228266
4455,378526
4456,136326
4457,136327
4458,307496
4459,307498
4460,307493
4461,307494
4462,307495
4463,136328
4464,306779
4465,307485
4466,299319
4467,301337
4468,307482
4469,307489
4470,307483
4471,307487
4472,380354
4473,380355
4474,380357
4475,380353
4476,380359
4477,47458
4478,93874
4479,107068
4480,107069
4481,107070
4482,22970
4483,88709
4484,107074
4485,107073
4486,107072
4487,22999
4488,75047
4489,75042
4490,75044
4491,102417
4492,81278
4493,260428
4494,263758
4495,191268
4496,151350
4497,258078
4498,77669
4499,137701
4500,145146
4501,145145
4502,145147
4503,16889
4504,207580
4505,207578
4506,207579
4507,207581
4508,207582
4509,207583
4510,207584
4511,331703
4512,331704
4513,22111
4514,22105
4515,66983
4516,21897
4517,21941
4518,207093
4519,207090
4520,38824
4521,207091
4522,207089
4523,102548
4524,13
4525,36375
4526,207092
4527,41569
4528,207094
4529,207095
4530,207096
4531,207098
4532,207099
4533,1508
4534,207100
4535,21788
4536,62072
4537,105206
4538,207097
4539,6654
4540,6651
4541,105209
4542,6660
4543,105211
4544,105208
4545,38822
4546,105212
4547,19443
4548,105216
4549,105210
4550,6657
4551,38820
4552,102547
4553,38823
4554,19506
4555,219831
4556,336497
4557,336498
4558,71085
4559,237151
4560,11557
4561,11537
4562,237152
4563,85615
4564,237153
4565,223226
4566,223227
4567,4782
4568,156608
4569,11039
4570,228558
4571,331562
4572,331559
4573,11230
4574,100555
4575,331560
4576,331561
4577,228554
4578,228555
4579,228556
4580,45498
4581,156604
4582,11027
4583,228559
4584,78330
4585,68090
4586,14463
4587,14464
4588,11045
4589,78331
4590,11518
4591,215568
4592,13230
4593,3096
4594,20214
4595,7384
4596,14465
4597,8750
4598,14462
4599,4601
4600,14466
4601,7385
4602,8299
4603,43412
4604,40753
4605,138002
4606,156601
4607,162054
4608,156602
4609,156603
4610,278045
4611,40583
4612,222052
4613,77007
4614,358715
4615,40673
4616,40677
4617,60217
4618,40691
4619,61316
4620,40689
4621,213454
4622,213455
4623,255810
4624,40570
4625,40748
4626,237158
4627,11209
4628,40768
4629,303191
4630,9212
4631,48831
4632,48832
4633,48833
4634,207322
4635,207323
4636,78343
4637,207321
4638,207325
4639,78342
4640,207324
4641,78339
4642,78338
4643,78340
4644,78341
4645,33199
4646,162184
4647,162185
4648,162186
4649,214991
4650,214990
4651,162189
4652,85178
4653,214989
4654,273919
4655,273920
4656,329207
4657,329210
4658,329208
4659,329209
4660,345959
4661,345971
4662,5969
4663,5867
4664,222328
4665,346717
4666,346721
4667,346718
4668,346719
4669,289001
4670,346720
4671,108088
4672,108089
4673,108270
4674,108162
4675,108161
4676,108271
4677,108272
4678,108273
4679,108160
4680,108163
4681,108164
4682,108085
4683,108087
4684,108274
4685,108086
4686,108275
4687,108276
4688,108278
4689,108167
4690,108279
4691,108280
4692,108285
4693,108281
4694,108282
4695,108284
4696,4793
4697,108084
4698,108286
4699,108287
4700,108288
4701,108289
4702,108290
4703,108291
4704,108293
4705,108294
4706,108295
4707,108165
4708,108166
4709,13989
4710,108169
4711,108170
4712,108171
4713,108172
4714,263307
4715,63376
4716,13988
4717,108080
4718,30496
4719,108296
4720,108297
4721,108298
4722,13990
4723,108300
4724,108301
4725,108303
4726,108302
4727,108304
4728,108305
4729,108083
4730,108312
4731,108313
4732,108314
4733,13683
4734,108082
4735,108081
4736,13987
4737,108316
4738,54708
4739,13975
4740,108317
4741,108318
4742,108319
4743,108320
4744,13991
4745,13984
4746,13979
4747,13968
4748,13985
4749,13986
4750,13981
4751,108079
4752,13973
4753,13980
4754,13978
4755,13967
4756,13969
4757,13970
4758,13971
4759,13972
4760,13974
4761,13976
4762,13977
4763,108078
4764,61131
4765,87396
4766,88601
4767,94548
4768,16368
4769,91082
4770,94549
4771,91075
4772,91025
4773,94550
4774,91039
4775,63296
4776,63303
4777,181013
4778,88609
4779,850
4780,192035
4781,52885
4782,303716
4783,181120
4784,63305
4785,246165
4786,52888
4787,63354
4788,337904
4789,337937
4790,337934
4791,337936
4792,337935
4793,345692
4794,35928
4795,369556
4796,89444
4797,226030
4798,54809
4799,226031
4800,226032
4801,105771
4802,226027
4803,115490
4804,234838
4805,234836
4806,234840
4807,234841
4808,116466
4809,294654
4810,20562
4811,294656
4812,294657
4813,294655
4814,294658
4815,214855
4816,35245
4817,61072
4818,63752
4819,20565
4820,61198
4821,215758
4822,215759
4823,215761
4824,215762
4825,164013
4826,215763
4827,215764
4828,215765
4829,215766
4830,215767
4831,19
4832,61073
4833,61074
4834,61075
4835,61076
4836,61013
4837,61077
4838,61078
4839,61079
4840,9825
4841,61011
4842,61012
4843,18902
4844,61014
4845,61015
4846,61016
4847,61017
4848,60962
4849,18031
4850,50389
4851,60918
4852,60963
4853,60964
4854,60965
4855,18268
4856,8332
4857,16948
4858,60946
4859,60947
4860,54246
4861,60912
4862,386168
4863,25739
4864,60936
4865,18741
4866,60938
4867,60943
4868,60944
4869,60939
4870,60942
4871,60941
4872,19416
4873,8729
4874,60913
4875,60914
4876,60917
4877,60919
4878,60920
4879,19414
4880,60908
4881,60909
4882,60910
4883,203831
4884,8727
4885,19417
4886,176249
4887,66753
4888,18223
4889,15184
4890,176252
4891,176250
4892,176251
4893,176254
4894,8728
4895,19373
4896,8731
4897,8732
4898,5381
4899,10394
4900,164014
4901,147603
4902,147605
4903,183670
4904,147596
4905,164017
4906,147598
4907,111249
4908,164012
4909,164015
4910,261622
4911,111194
4912,66288
4913,201052
4914,111165
4915,186623
4916,5379
4917,227774
4918,66751
4919,8734
4920,3600
4921,265887
4922,61919
4923,111162
4924,359405
4925,359408
4926,359407
4927,359404
4928,359406
4929,345746
4930,131850
4931,364821
4932,364823
4933,364822
4934,364826
4935,3488
4936,291905
4937,248855
4938,327150
4939,327147
4940,78583
4941,216924
4942,370576
4943,370578
4944,154877
4945,184836
4946,137219
4947,137220
4948,370579
4949,370581
4950,370580
4951,331123
4952,92319
4953,35341
4954,39751
4955,92315
4956,136952
4957,92316
4958,35342
4959,92317
4960,92318
4961,111112
4962,111116
4963,111120
4964,111117
4965,111118
4966,124775
4967,111373
4968,124776
4969,124777
4970,124778
4971,240090
4972,240089
4973,131967
4974,131962
4975,135529
4976,219483
4977,345617
4978,345616
4979,136271
4980,233632
4981,233633
4982,233634
4983,233635
4984,233636
4985,233637
4986,233638
4987,233642
4988,233643
4989,233645
4990,233644
4991,136272
4992,136273
4993,208915
4994,208916
4995,255800
4996,255802
4997,255798
4998,324080
4999,120070
5000,324079
5001,356341
5002,356342
5003,356343
5004,377969
5005,245994
5006,245995
5007,245996
5008,240516
5009,240858
5010,254574
5011,254573
5012,232282
5013,232278
5014,219222
5015,224484
5016,224485
5017,224486
5018,224487
5019,219223
5020,224491
5021,224492
5022,224493
5023,219225
5024,224494
5025,219218
5026,224495
5027,224496
5028,224497
5029,224498
5030,224499
5031,224500
5032,224501
5033,224502
5034,33837
5035,219224
5036,219219
5037,219221
5038,219220
5039,219214
5040,219215
5041,219216
5042,219217
5043,378898
5044,378899
5045,378901
5046,378900
5047,8939
5048,175102
5049,249753
5050,249754
5051,249755
5052,249756
5053,249757
5054,249748
5055,249752
5056,249751
5057,249750
5058,287526
5059,287531
5060,7222
5061,287528
5062,362050
5063,362051
5064,362053
5065,214094
5066,15143
5067,220569
5068,220570
5069,139732
5070,214095
5071,220571
5072,86799
5073,213824
5074,213825
5075,213826
5076,86800
5077,86801
5078,86802
5079,213827
5080,383663
5081,383662
5082,112381
5083,112382
5084,112379
5085,112380
5086,65468
5087,35101
5088,65463
5089,65466
5090,65467
5091,34223
5092,18273
5093,65462
5094,297826
5095,297827
5096,297828
5097,15331
5098,117848
5099,65464
5100,53208
5101,248061
5102,248062
5103,248063
5104,65461
5105,19648
5106,94737
5107,94731
5108,18647
5109,248064
5110,62533
5111,15378
5112,248065
5113,248066
5114,26618
5115,132876
5116,248067
5117,8608
5118,94705
5119,230144
5120,54759
5121,230145
5122,230146
5123,26611
5124,72259
5125,95190
5126,94931
5127,65460
5128,217018
5129,217021
5130,217019
5131,217017
5132,217020
5133,65451
5134,196318
5135,110934
5136,196317
5137,19650
5138,19646
5139,95191
5140,94701
5141,11195
5142,131603
5143,131602
5144,3218
5145,54001
5146,19647
5147,76861
5148,19651
5149,78404
5150,112459
5151,112458
5152,110936
5153,112460
5154,110933
5155,34078
5156,110935
5157,215061
5158,215064
5159,211114
5160,67736
5161,216730
5162,60244
5163,215063
5164,26593
5165,67724
5166,136027
5167,325947
5168,308463
5169,329447
5170,335022
5171,136032
5172,15048
5173,6659
5174,178550
5175,194065
5176,194066
5177,194067
5178,6647
5179,6648
5180,6650
5181,6649
5182,6652
5183,6653
5184,6655
5185,110426
5186,110425
5187,8894
5188,110434
5189,8908
5190,110463
5191,110453
5192,346355
5193,110449
5194,166700
5195,166703
5196,166233
5197,166232
5198,166704
5199,166701
5200,166705
5201,166707
5202,166702
5203,166706
5204,44066
5205,166684
5206,166690
5207,166693
5208,166695
5209,165721
5210,166696
5211,166697
5212,166698
5213,166699
5214,166694
5215,106840
5216,57293
5217,166692
5218,166691
5219,166688
5220,166689
5221,57368
5222,166685
5223,166683
5224,166681
5225,57284
5226,166682
5227,166687
5228,166686
5229,248970
5230,57362
5231,248969
5232,249200
5233,249201
5234,359974
5235,359972
5236,57367
5237,359833
5238,283796
5239,30586
5240,359973
5241,331623
5242,261091
5243,139174
5244,280301
5245,280298
5246,280302
5247,25519
5248,7830
5249,280303
5250,246014
5251,280304
5252,280300
5253,280305
5254,139225
5255,280299
5256,148561
5257,22581
5258,280778
5259,245392
5260,245462
5261,245461
5262,286648
5263,286649
5264,173903
5265,276639
5266,276640
5267,329587
5268,329588
5269,329585
5270,329583
5271,329584
5272,329586
5273,329590
5274,277409
5275,277410
5276,277411
5277,242106
5278,277413
5279,5023
5280,277412
5281,277414
5282,290056
5283,362045
5284,112345
5285,230334
5286,230333
5287,112344
5288,230332
5289,230331
5290,230154
5291,112343
5292,212495
5293,21396
5294,230330
5295,112342
5296,230326
5297,21395
5298,27526
5299,47442
5300,230153
5301,21449
5302,21393
5303,7627
5304,21991
5305,21842
5306,27524
5307,33903
5308,27525
5309,157510
5310,271578
5311,24842
5312,363730
5313,256787
5314,345933
5315,273210
5316,222411
5317,34340
5318,384915
5319,384916
5320,177070
5321,144849
5322,9416
5323,144850
5324,310655
5325,259837
5326,384918
5327,384919
5328,384917
5329,144844
5330,144846
5331,79192
5332,144852
5333,144851
5334,8008
5335,367538
5336,144845
5337,216089
5338,216091
5339,216090
5340,259835
5341,223268
5342,223269
5343,257509
5344,259836
5345,154111
5346,227333
5347,260299
5348,260300
5349,159087
5350,260302
5351,260298
5352,268786
5353,283563
5354,283752
5355,223260
5356,154097
5357,260301
5358,154109
5359,345202
5360,4379
5361,367533
5362,367536
5363,367534
5364,367537
5365,367535
5366,257793
5367,896
5368,34265
5369,233455
5370,233456
5371,233452
5372,233453
5373,233454
5374,7161
5375,356432
5376,356433
5377,124240
5378,206784
5379,221565
5380,221578
5381,221566
5382,221568
5383,221579
5384,206783
5385,206782
5386,154972
5387,33537
5388,206785
5389,195755
5390,16835
5391,195756
5392,16831
5393,158207
5394,228441
5395,157142
5396,195757
5397,195758
5398,73015
5399,96705
5400,221598
5401,195485
5402,221596
5403,221597
5404,197030
5405,187596
5406,187597
5407,187527
5408,187598
5409,3901
5410,187599
5411,76790
5412,187593
5413,75670
5414,187594
5415,11158
5416,180558
5417,187595
5418,76789
5419,187579
5420,187581
5421,76760
5422,76786
5423,76763
5424,76769
5425,205462
5426,205272
5427,6991
5428,205274
5429,72710
5430,205273
5431,195470
5432,236040
5433,262012
5434,208317
5435,221627
5436,221631
5437,140996
5438,221632
5439,57162
5440,221629
5441,221628
5442,221630
5443,221626
5444,221636
5445,221637
5446,221638
5447,221633
5448,221639
5449,221635
5450,221634
5451,101212
5452,335344
5453,131468
5454,131469
5455,131467
5456,213830
5457,192111
5458,213831
5459,213832
5460,213829
5461,384971
5462,384970
5463,38686
5464,33654
5465,17078
5466,288152
5467,17075
5468,32418
5469,75353
5470,48885
5471,107071
5472,130221
5473,107001
5474,72344
5475,68661
5476,107002
5477,217564
5478,2049
5479,77768
5480,77766
5481,48390
5482,77767
5483,108226
5484,155100
5485,219054
5486,219055
5487,219059
5488,108228
5489,155106
5490,337391
5491,337392
5492,68713
5493,56175
5494,69747
5495,69458
5496,151494
5497,238423
5498,3535
5499,245679
5500,97154
5501,57194
5502,57195
5503,115508
5504,256785
5505,256784
5506,349275
5507,349276
5508,234564
5509,234566
5510,234565
5511,234568
5512,234567
5513,8056
5514,32617
5515,234569
5516,234570
5517,234571
5518,191433
5519,234573
5520,234574
5521,234572
5522,191430
5523,234575
5524,234578
5525,234576
5526,234577
5527,8011
5528,191428
5529,7137
5530,191429
5531,9049
5532,173783
5533,83498
5534,9047
5535,5226
5536,191431
5537,8885
5538,191432
5539,8822
5540,191434
5541,7136
5542,7138
5543,170443
5544,170444
5545,173478
5546,7135
5547,8888
5548,8816
5549,345476
5550,109283
5551,109287
5552,109288
5553,109289
5554,109290
5555,109223
5556,109224
5557,109225
5558,109226
5559,18855
5560,217961
5561,109227
5562,109401
5563,329427
5564,109228
5565,329428
5566,109229
5567,6836
5568,109230
5569,109222
5570,20358
5571,109221
5572,329429
5573,109215
5574,109220
5575,4847
5576,109218
5577,109217
5578,109216
5579,86805
5580,86806
5581,176382
5582,109313
5583,288520
5584,109356
5585,306310
5586,374646
5587,374645
5588,374647
5589,54053
5590,374644
5591,20658
5592,17168
5593,27842
5594,46170
5595,292026
5596,374648
5597,246688
5598,27852
5599,165687
5600,29778
5601,374649
5602,246689
5603,374650
5604,246687
5605,374651
5606,245249
5607,246686
5608,107464
5609,374656
5610,374652
5611,374653
5612,374655
5613,246685
5614,335528
5615,374654
5616,3054
5617,76618
5618,12261
5619,374657
5620,40410
5621,374658
5622,246670
5623,242090
5624,345144
5625,374659
5626,374660
5627,242091
5628,246668
5629,244908
5630,31892
5631,335534
5632,242170
5633,335535
5634,345143
5635,359465
5636,345145
5637,175201
5638,230160
5639,185073
5640,34030
5641,22656
5642,224355
5643,273956
5644,22659
5645,15514
5646,291771
5647,291772
5648,291773
5649,19218
5650,34031
5651,34032
5652,34033
5653,98828
5654,202607
5655,328729
5656,92705
5657,328730
5658,328731
5659,230167
5660,230166
5661,230170
5662,328141
5663,328142
5664,15424
5665,15432
5666,15433
5667,118282
5668,15833
5669,370565
5670,370566
5671,95895
5672,14166
5673,107125
5674,107126
5675,114991
5676,245397
5677,245398
5678,245399
5679,245401
5680,69941
5681,165850
5682,245400
5683,370564
5684,370562
5685,370561
5686,370563
5687,4831
5688,208999
5689,23666
5690,207564
5691,207565
5692,209119
5693,209096
5694,389971
5695,389972
5696,4845
5697,3505
5698,3513
5699,106008
5700,23661
5701,23662
5702,23663
5703,23664
5704,23665
5705,6854
5706,207536
5707,275738
5708,209089
5709,282816
5710,282817
5711,287708
5712,287710
5713,96953
5714,96961
5715,96960
5716,96959
5717,96958
5718,96957
5719,93946
5720,96954
5721,96955
5722,96956
5723,93948
5724,93949
5725,98151
5726,69850
5727,94109
5728,94111
5729,69851
5730,112183
5731,94126
5732,381633
5733,213257
5734,224517
5735,224516
5736,224518
5737,313171
5738,313169
5739,231
5740,191011
5741,191010
5742,98984
5743,259096
5744,259065
5745,259066
5746,259067
5747,259064
5748,259063
5749,376992
5750,375795
5751,207566
5752,207568
5753,207567
5754,136651
5755,183
5756,378196
5757,144209
5758,144207
5759,144214
5760,207590
5761,144213
5762,144208
5763,144210
5764,144211
5765,144212
5766,32630
5767,897
5768,226853
5769,288669
5770,247833
5771,346255
5772,362064
5773,249886
5774,249887
5775,249888
5776,76434
5777,89449
5778,52310
5779,219427
5780,219428
5781,219429
5782,219430
5783,219431
5784,219432
5785,219433
5786,219434
5787,219435
5788,219437
5789,219438
5790,219439
5791,219442
5792,219444
5793,219445
5794,255035
5795,219464
5796,219475
5797,219463
5798,219461
5799,309298
5800,356344
5801,377954
5802,377953
5803,62953
5804,7261
5805,97293
5806,97296
5807,97295
5808,7262
5809,7265
5810,7266
5811,7267
5812,7268
5813,155935
5814,259628
5815,265210
5816,262451
5817,265209
5818,375534
5819,89435
5820,237161
5821,237159
5822,228580
5823,228581
5824,582
5825,19274
5826,207902
5827,207906
5828,207903
5829,207904
5830,19229
5831,207907
5832,207908
5833,207905
5834,207912
5835,207910
5836,128222
5837,207911
5838,66318
5839,207914
5840,207913
5841,67765
5842,207922
5843,207918
5844,207909
5845,207917
5846,207920
5847,207916
5848,266110
5849,266111
5850,262008
5851,344694
5852,344695
5853,338436
5854,344692
5855,248696
5856,344693
5857,344696
5858,344691
5859,23782
5860,23783
5861,23781
5862,228168
5863,228167
5864,228166
5865,243289
5866,338310
5867,531
5868,9310
5869,22888
5870,20268
5871,20269
5872,39397
5873,260304
5874,260305
5875,223428
5876,223429
5877,223430
5878,216538
5879,223431
5880,223432
5881,223435
5882,223434
5883,223433
5884,223437
5885,223436
5886,223438
5887,223439
5888,109636
5889,223440
5890,223441
5891,223442
5892,223443
5893,223445
5894,223444
5895,226851
5896,297830
5897,297831
5898,251212
5899,370701
5900,223427
5901,19746
5902,227197
5903,227192
5904,227196
5905,227195
5906,227194
5907,227193
5908,223426
5909,328074
5910,328111
5911,327183
5912,180814
5913,328144
5914,49129
5915,102963
5916,102962
5917,103460
5918,102958
5919,102944
5920,102961
5921,45096
5922,102945
5923,87728
5924,32404
5925,103066
5926,103997
5927,58046
5928,58047
5929,59850
5930,61622
5931,61623
5932,61625
5933,46154
5934,56791
5935,42228
5936,61764
5937,49918
5938,56793
5939,45148
5940,167977
5941,49814
5942,49817
5943,44486
5944,6534
5945,101445
5946,44487
5947,162147
5948,162148
5949,102711
5950,101681
5951,54466
5952,101619
5953,60383
5954,283603
5955,102750
5956,101607
5957,102486
