,CityID,Term Start Year,winnerID,winnerID previous
0,0.0,1950.0,42187.0,
1,0.0,1954.0,19480.0,42187.0
2,0.0,1958.0,28930.0,19480.0
3,0.0,1962.0,42189.0,28930.0
4,0.0,1966.0,36418.0,42189.0
5,0.0,1970.0,42197.0,36418.0
6,0.0,1974.0,42058.0,42197.0
7,0.0,1978.0,19465.0,42058.0
8,0.0,1982.0,10555.0,19465.0
9,0.0,1986.0,10555.0,10555.0
10,0.0,1990.0,34805.0,10555.0
11,0.0,1994.0,4597.0,34805.0
12,0.0,1998.0,4597.0,4597.0
13,0.0,2002.0,4634.0,4597.0
14,0.0,2006.0,55226.0,4634.0
15,0.0,2007.0,4634.0,55226.0
16,0.0,2010.0,210435.0,4634.0
17,0.0,2014.0,43066.0,210435.0
18,1.0,1953.0,51280.0,
19,1.0,1957.0,162966.0,51280.0
20,1.0,1961.0,10890.0,162966.0
21,1.0,1965.0,215642.0,10890.0
22,1.0,1969.0,10890.0,215642.0
23,1.0,1973.0,16715.0,10890.0
24,1.0,1977.0,27460.0,16715.0
25,1.0,1981.0,162530.0,27460.0
26,1.0,1985.0,117844.0,162530.0
27,1.0,1989.0,35647.0,117844.0
28,1.0,1993.0,6303.0,35647.0
29,1.0,1997.0,19182.0,6303.0
30,1.0,2001.0,19151.0,19182.0
31,1.0,2005.0,19174.0,19151.0
32,1.0,2009.0,133543.0,19174.0
33,1.0,2013.0,64251.0,133543.0
34,10.0,1971.0,255525.0,
35,10.0,1973.0,255529.0,255525.0
36,10.0,1975.0,96675.0,255529.0
37,10.0,1977.0,3464.0,96675.0
38,10.0,1979.0,3464.0,3464.0
39,10.0,1981.0,3464.0,3464.0
40,10.0,1983.0,96670.0,3464.0
41,10.0,1985.0,96671.0,96670.0
42,10.0,1988.0,96674.0,96671.0
43,10.0,1991.0,96683.0,96674.0
44,10.0,1994.0,96683.0,96683.0
45,10.0,1997.0,96649.0,96683.0
46,10.0,2001.0,96644.0,96649.0
47,10.0,2003.0,96649.0,96644.0
48,10.0,2006.0,143716.0,96649.0
49,10.0,2009.0,203869.0,143716.0
50,10.0,2012.0,302708.0,203869.0
51,10.0,2015.0,341214.0,302708.0
52,100.0,1960.0,112345.0,
53,100.0,1964.0,112345.0,112345.0
54,100.0,1967.0,112344.0,112345.0
55,100.0,1968.0,112344.0,112344.0
56,100.0,1970.0,112344.0,112344.0
57,100.0,1974.0,112344.0,112344.0
58,100.0,1978.0,112343.0,112344.0
59,100.0,1982.0,112342.0,112343.0
60,100.0,1986.0,230326.0,112342.0
61,100.0,1990.0,21395.0,230326.0
62,100.0,1994.0,47442.0,21395.0
63,100.0,1998.0,21449.0,47442.0
64,100.0,2001.0,21393.0,21449.0
65,100.0,2004.0,7627.0,21393.0
66,100.0,2005.0,27524.0,7627.0
67,100.0,2008.0,33903.0,27524.0
68,100.0,2012.0,271578.0,33903.0
69,100.0,2016.0,271578.0,271578.0
70,101.0,1963.0,42326.0,
71,101.0,1967.0,81875.0,42326.0
72,101.0,1980.0,211733.0,81875.0
73,101.0,1984.0,211733.0,211733.0
74,101.0,1988.0,211739.0,211733.0
75,101.0,1992.0,211884.0,211739.0
76,101.0,1996.0,211738.0,211884.0
77,101.0,2000.0,61047.0,211738.0
78,101.0,2004.0,61047.0,61047.0
79,101.0,2008.0,141791.0,61047.0
80,101.0,2009.0,100901.0,141791.0
81,101.0,2010.0,100889.0,100901.0
82,101.0,2012.0,211736.0,100889.0
83,101.0,2014.0,227113.0,211736.0
84,102.0,1996.0,250961.0,
85,102.0,2000.0,250961.0,250961.0
86,102.0,2004.0,256727.0,250961.0
87,102.0,2008.0,256727.0,256727.0
88,102.0,2012.0,382813.0,256727.0
89,102.0,2016.0,382817.0,382813.0
90,103.0,1997.0,15268.0,
91,103.0,2000.0,15268.0,15268.0
92,103.0,2004.0,15274.0,15268.0
93,103.0,2008.0,15274.0,15274.0
94,103.0,2012.0,15274.0,15274.0
95,103.0,2016.0,15274.0,15274.0
96,104.0,1970.0,47458.0,
97,104.0,1990.0,107069.0,47458.0
98,104.0,1994.0,107072.0,107069.0
99,104.0,1998.0,22970.0,107072.0
100,104.0,2002.0,22999.0,22970.0
101,104.0,2006.0,81278.0,22999.0
102,104.0,2010.0,75047.0,81278.0
103,104.0,2011.0,263758.0,75047.0
104,104.0,2014.0,191268.0,263758.0
105,105.0,2000.0,56175.0,
106,105.0,2002.0,69747.0,56175.0
107,105.0,2006.0,56175.0,69747.0
108,105.0,2010.0,151494.0,56175.0
109,105.0,2014.0,151494.0,151494.0
110,107.0,1991.0,237178.0,
111,107.0,1993.0,237183.0,237178.0
112,107.0,1995.0,237179.0,237183.0
113,107.0,1997.0,237189.0,237179.0
114,107.0,1999.0,237190.0,237189.0
115,107.0,2001.0,237179.0,237190.0
116,107.0,2003.0,237179.0,237179.0
117,107.0,2005.0,237191.0,237179.0
118,107.0,2007.0,237198.0,237191.0
119,107.0,2009.0,237195.0,237198.0
120,107.0,2011.0,237197.0,237195.0
121,107.0,2013.0,381771.0,237197.0
122,107.0,2015.0,381773.0,381771.0
123,11.0,1987.0,6983.0,
124,11.0,1991.0,277794.0,6983.0
125,11.0,1992.0,277794.0,277794.0
126,11.0,1994.0,277794.0,277794.0
127,11.0,1995.0,6986.0,277794.0
128,11.0,1999.0,6986.0,6986.0
129,11.0,2003.0,6982.0,6986.0
130,11.0,2007.0,6969.0,6982.0
131,11.0,2011.0,143913.0,6969.0
132,11.0,2015.0,143913.0,143913.0
133,111.0,1962.0,49129.0,
134,111.0,1966.0,49129.0,49129.0
135,111.0,1968.0,102958.0,49129.0
136,111.0,1970.0,87728.0,102958.0
137,111.0,1972.0,87728.0,87728.0
138,111.0,1974.0,32404.0,87728.0
139,111.0,1978.0,32404.0,32404.0
140,111.0,1980.0,59850.0,32404.0
141,111.0,1982.0,32404.0,59850.0
142,111.0,1984.0,61623.0,32404.0
143,111.0,1986.0,32404.0,61623.0
144,111.0,1988.0,56791.0,32404.0
145,111.0,1990.0,61764.0,56791.0
146,111.0,1992.0,45148.0,61764.0
147,111.0,1996.0,49814.0,45148.0
148,111.0,2000.0,49814.0,49814.0
149,111.0,2004.0,6534.0,49814.0
150,111.0,2008.0,44486.0,6534.0
151,111.0,2012.0,102750.0,44486.0
152,111.0,2016.0,102486.0,102750.0
153,113.0,2005.0,74032.0,
154,113.0,2009.0,74032.0,74032.0
155,113.0,2013.0,74032.0,74032.0
156,114.0,1977.0,206077.0,
157,114.0,1980.0,7865.0,206077.0
158,114.0,1984.0,7865.0,7865.0
159,114.0,1988.0,7865.0,7865.0
160,114.0,1992.0,7865.0,7865.0
161,114.0,1996.0,7865.0,7865.0
162,114.0,1999.0,17778.0,7865.0
163,114.0,2003.0,17778.0,17778.0
164,114.0,2007.0,115044.0,17778.0
165,114.0,2009.0,157484.0,115044.0
166,114.0,2011.0,6717.0,157484.0
167,114.0,2015.0,359453.0,6717.0
168,117.0,1995.0,226149.0,
169,117.0,1999.0,226151.0,226149.0
170,117.0,2003.0,120689.0,226151.0
171,117.0,2007.0,120691.0,120689.0
172,117.0,2011.0,56106.0,120691.0
173,117.0,2015.0,98872.0,56106.0
174,118.0,2000.0,51506.0,
175,118.0,2004.0,51506.0,51506.0
176,118.0,2008.0,51506.0,51506.0
177,118.0,2012.0,51506.0,51506.0
178,118.0,2015.0,355290.0,51506.0
179,119.0,1990.0,166700.0,
180,119.0,1994.0,166690.0,166700.0
181,119.0,1998.0,106840.0,166690.0
182,119.0,2002.0,106840.0,106840.0
183,119.0,2006.0,57368.0,106840.0
184,119.0,2010.0,57368.0,57368.0
185,119.0,2015.0,359974.0,57368.0
186,12.0,1952.0,294654.0,
187,12.0,1956.0,214855.0,294654.0
188,12.0,1964.0,61072.0,214855.0
189,12.0,1968.0,61072.0,61072.0
190,12.0,1972.0,20565.0,61072.0
191,12.0,1976.0,61011.0,20565.0
192,12.0,1978.0,19.0,61011.0
193,12.0,1980.0,60962.0,19.0
194,12.0,1983.0,4666.0,60962.0
195,12.0,1984.0,386168.0,4666.0
196,12.0,1988.0,60936.0,386168.0
197,12.0,1992.0,19416.0,60936.0
198,12.0,1996.0,19416.0,19416.0
199,12.0,2000.0,8727.0,19416.0
200,12.0,2004.0,8728.0,8727.0
201,12.0,2008.0,111249.0,8728.0
202,12.0,2011.0,111194.0,111249.0
203,12.0,2012.0,261622.0,111194.0
204,12.0,2016.0,359404.0,261622.0
205,120.0,2003.0,28715.0,
206,121.0,2011.0,330481.0,
207,121.0,2016.0,374190.0,330481.0
208,122.0,2001.0,75741.0,
209,122.0,2005.0,75374.0,75741.0
210,122.0,2009.0,75374.0,75374.0
211,122.0,2013.0,336778.0,75374.0
212,123.0,1952.0,71085.0,
213,123.0,1956.0,237151.0,71085.0
214,123.0,1960.0,11557.0,237151.0
215,123.0,1964.0,11557.0,11557.0
216,123.0,1968.0,11557.0,11557.0
217,123.0,1972.0,4782.0,11557.0
218,123.0,1975.0,156608.0,4782.0
219,123.0,1976.0,11039.0,156608.0
220,123.0,1980.0,11039.0,11039.0
221,123.0,1984.0,228554.0,11039.0
222,123.0,1985.0,156604.0,228554.0
223,123.0,1986.0,156604.0,156604.0
224,123.0,1988.0,228559.0,156604.0
225,123.0,1992.0,78330.0,228559.0
226,123.0,1996.0,78330.0,78330.0
227,123.0,2000.0,7384.0,78330.0
228,123.0,2004.0,7384.0,7384.0
229,123.0,2008.0,43412.0,7384.0
230,123.0,2012.0,278045.0,43412.0
231,123.0,2016.0,40583.0,278045.0
232,124.0,1992.0,81851.0,
233,124.0,1996.0,101080.0,81851.0
234,124.0,2000.0,121250.0,101080.0
235,124.0,2004.0,101080.0,121250.0
236,124.0,2008.0,206655.0,101080.0
237,125.0,1997.0,3535.0,
238,125.0,2003.0,57195.0,3535.0
239,125.0,2006.0,115508.0,57195.0
240,125.0,2010.0,57194.0,115508.0
241,125.0,2014.0,349276.0,57194.0
242,127.0,1993.0,173135.0,
243,127.0,1997.0,219136.0,173135.0
244,127.0,2001.0,173135.0,219136.0
245,127.0,2005.0,219134.0,173135.0
246,127.0,2009.0,219134.0,219134.0
247,127.0,2013.0,219134.0,219134.0
248,128.0,1976.0,6675.0,
249,128.0,1984.0,384303.0,6675.0
250,128.0,1988.0,6713.0,384303.0
251,128.0,1992.0,384300.0,6713.0
252,128.0,1996.0,277355.0,384300.0
253,128.0,2000.0,71475.0,277355.0
254,128.0,2004.0,43991.0,71475.0
255,128.0,2008.0,252778.0,43991.0
256,128.0,2011.0,277359.0,252778.0
257,128.0,2012.0,277357.0,277359.0
258,128.0,2016.0,367308.0,277357.0
259,129.0,1988.0,223429.0,
260,129.0,1990.0,223431.0,223429.0
261,129.0,1992.0,223435.0,223431.0
262,129.0,1994.0,223434.0,223435.0
263,129.0,1996.0,223438.0,223434.0
264,129.0,1998.0,223433.0,223438.0
265,129.0,2000.0,223434.0,223433.0
266,129.0,2002.0,223433.0,223434.0
267,129.0,2004.0,223440.0,223433.0
268,129.0,2006.0,223433.0,223440.0
269,129.0,2007.0,223434.0,223433.0
270,129.0,2008.0,223434.0,223434.0
271,129.0,2010.0,226851.0,223434.0
272,129.0,2012.0,297830.0,226851.0
273,129.0,2014.0,297830.0,297830.0
274,129.0,2016.0,297830.0,297830.0
275,13.0,1964.0,228365.0,
276,13.0,1968.0,194.0,228365.0
277,13.0,1972.0,194.0,194.0
278,13.0,1976.0,17697.0,194.0
279,13.0,1980.0,228368.0,17697.0
280,13.0,1984.0,228369.0,228368.0
281,13.0,1988.0,228370.0,228369.0
282,13.0,1992.0,228371.0,228370.0
283,13.0,1996.0,11942.0,228371.0
284,13.0,2000.0,9521.0,11942.0
285,13.0,2004.0,9518.0,9521.0
286,13.0,2008.0,166708.0,9518.0
287,13.0,2012.0,166708.0,166708.0
288,13.0,2015.0,11941.0,166708.0
289,132.0,2008.0,232282.0,
290,132.0,2009.0,232278.0,232282.0
291,134.0,1971.0,50734.0,
292,134.0,1975.0,50735.0,50734.0
293,134.0,1979.0,50735.0,50735.0
294,134.0,1983.0,78797.0,50735.0
295,134.0,1984.0,153200.0,78797.0
296,134.0,1987.0,120332.0,153200.0
297,134.0,1991.0,50735.0,120332.0
298,134.0,1995.0,50735.0,50735.0
299,134.0,1999.0,50735.0,50735.0
300,134.0,2003.0,45999.0,50735.0
301,134.0,2007.0,79691.0,45999.0
302,134.0,2011.0,125808.0,79691.0
303,134.0,2015.0,339465.0,125808.0
304,135.0,1991.0,25850.0,
305,135.0,1994.0,22436.0,25850.0
306,135.0,1997.0,25848.0,22436.0
307,135.0,2000.0,25851.0,25848.0
308,135.0,2003.0,25853.0,25851.0
309,135.0,2006.0,25848.0,25853.0
310,135.0,2009.0,5301.0,25848.0
311,135.0,2012.0,312576.0,5301.0
312,135.0,2015.0,5301.0,312576.0
313,136.0,2013.0,262672.0,
314,137.0,1950.0,109283.0,
315,137.0,1952.0,109283.0,109283.0
316,137.0,1954.0,109283.0,109283.0
317,137.0,1956.0,109283.0,109283.0
318,137.0,1958.0,109283.0,109283.0
319,137.0,1960.0,109287.0,109283.0
320,137.0,1961.0,109288.0,109287.0
321,137.0,1962.0,109289.0,109288.0
322,137.0,1964.0,109290.0,109289.0
323,137.0,1966.0,109223.0,109290.0
324,137.0,1968.0,109224.0,109223.0
325,137.0,1970.0,109226.0,109224.0
326,137.0,1972.0,109226.0,109226.0
327,137.0,1974.0,109228.0,109226.0
328,137.0,1976.0,109229.0,109228.0
329,137.0,1978.0,6836.0,109229.0
330,137.0,1980.0,6836.0,6836.0
331,137.0,1982.0,99937.0,6836.0
332,137.0,1984.0,6836.0,99937.0
333,137.0,1986.0,99937.0,6836.0
334,137.0,1988.0,6836.0,99937.0
335,137.0,1990.0,6836.0,6836.0
336,137.0,1992.0,6836.0,6836.0
337,137.0,1994.0,109215.0,6836.0
338,137.0,1996.0,109215.0,109215.0
339,137.0,1998.0,109215.0,109215.0
340,137.0,2000.0,109217.0,109215.0
341,137.0,2001.0,109216.0,109217.0
342,137.0,2004.0,86806.0,109216.0
343,137.0,2008.0,176382.0,86806.0
344,137.0,2012.0,109313.0,176382.0
345,137.0,2016.0,109313.0,109313.0
346,138.0,1993.0,126273.0,
347,138.0,1997.0,126272.0,126273.0
348,138.0,2001.0,126266.0,126272.0
349,138.0,2005.0,126263.0,126266.0
350,138.0,2009.0,126260.0,126263.0
351,138.0,2013.0,126262.0,126260.0
352,139.0,1997.0,5513.0,
353,139.0,1999.0,5513.0,5513.0
354,139.0,2001.0,215529.0,5513.0
355,139.0,2003.0,215537.0,215529.0
356,139.0,2005.0,215541.0,215537.0
357,139.0,2007.0,215541.0,215541.0
358,139.0,2009.0,215540.0,215541.0
359,139.0,2011.0,255038.0,215540.0
360,139.0,2012.0,255039.0,255038.0
361,139.0,2014.0,302319.0,255039.0
362,139.0,2016.0,215537.0,302319.0
363,14.0,1952.0,17538.0,
364,14.0,1956.0,17538.0,17538.0
365,14.0,1960.0,102857.0,17538.0
366,14.0,1964.0,17538.0,102857.0
367,14.0,1968.0,17538.0,17538.0
368,14.0,1972.0,17535.0,17538.0
369,14.0,1976.0,17535.0,17535.0
370,14.0,1980.0,17535.0,17535.0
371,14.0,1984.0,10797.0,17535.0
372,14.0,1988.0,10797.0,10797.0
373,14.0,1992.0,14797.0,10797.0
374,14.0,1996.0,14797.0,14797.0
375,14.0,2000.0,10867.0,14797.0
376,14.0,2004.0,37865.0,10867.0
377,14.0,2008.0,10867.0,37865.0
378,14.0,2012.0,262308.0,10867.0
379,14.0,2016.0,14748.0,262308.0
380,141.0,2005.0,80710.0,
381,143.0,1998.0,94109.0,
382,143.0,2000.0,94111.0,94109.0
383,143.0,2002.0,69851.0,94111.0
384,143.0,2004.0,69851.0,69851.0
385,143.0,2006.0,69850.0,69851.0
386,143.0,2010.0,94126.0,69850.0
387,143.0,2014.0,94126.0,94126.0
388,144.0,2006.0,139174.0,
389,144.0,2010.0,280299.0,139174.0
390,144.0,2014.0,280299.0,280299.0
391,145.0,2003.0,2768.0,
392,145.0,2007.0,123988.0,2768.0
393,145.0,2011.0,123988.0,123988.0
394,147.0,1981.0,217011.0,
395,147.0,1997.0,84470.0,217011.0
396,147.0,2001.0,84470.0,84470.0
397,147.0,2005.0,84469.0,84470.0
398,147.0,2009.0,94586.0,84469.0
399,147.0,2013.0,329598.0,94586.0
400,147.0,2014.0,344545.0,329598.0
401,149.0,2009.0,223268.0,
402,149.0,2011.0,223268.0,223268.0
403,149.0,2012.0,223260.0,223268.0
404,149.0,2013.0,223260.0,223260.0
405,149.0,2015.0,4379.0,223260.0
406,15.0,2007.0,208078.0,
407,15.0,2009.0,258053.0,208078.0
408,15.0,2011.0,330980.0,258053.0
409,15.0,2015.0,330980.0,330980.0
410,150.0,1980.0,25829.0,
411,150.0,1984.0,25841.0,25829.0
412,150.0,1988.0,25843.0,25841.0
413,150.0,1992.0,25841.0,25843.0
414,150.0,1996.0,25844.0,25841.0
415,150.0,2000.0,25847.0,25844.0
416,150.0,2004.0,25847.0,25847.0
417,150.0,2008.0,203262.0,25847.0
418,150.0,2012.0,30358.0,203262.0
419,150.0,2016.0,30358.0,30358.0
420,157.0,1999.0,164189.0,
421,157.0,2003.0,164185.0,164189.0
422,157.0,2007.0,164185.0,164185.0
423,157.0,2011.0,386184.0,164185.0
424,157.0,2015.0,164186.0,386184.0
425,16.0,1984.0,397.0,
426,16.0,1986.0,397.0,397.0
427,16.0,1988.0,1414.0,397.0
428,16.0,1990.0,1414.0,1414.0
429,16.0,1992.0,123.0,1414.0
430,16.0,1994.0,123.0,123.0
431,16.0,1996.0,11001.0,123.0
432,16.0,1998.0,11001.0,11001.0
433,16.0,2000.0,11001.0,11001.0
434,16.0,2002.0,11001.0,11001.0
435,16.0,2004.0,11001.0,11001.0
436,16.0,2005.0,105652.0,11001.0
437,16.0,2007.0,11001.0,105652.0
438,16.0,2009.0,100794.0,11001.0
439,16.0,2011.0,100794.0,100794.0
440,16.0,2013.0,21750.0,100794.0
441,16.0,2014.0,9763.0,21750.0
442,16.0,2016.0,118157.0,9763.0
443,162.0,1992.0,384915.0,
444,162.0,1994.0,384915.0,384915.0
445,162.0,1996.0,310655.0,384915.0
446,162.0,1998.0,310655.0,310655.0
447,162.0,2000.0,310655.0,310655.0
448,162.0,2002.0,310655.0,310655.0
449,162.0,2004.0,259837.0,310655.0
450,162.0,2006.0,367538.0,259837.0
451,162.0,2008.0,259837.0,367538.0
452,162.0,2010.0,259836.0,259837.0
453,162.0,2012.0,283563.0,259836.0
454,162.0,2016.0,367533.0,283563.0
455,164.0,1968.0,18775.0,
456,164.0,1972.0,18775.0,18775.0
457,164.0,1976.0,214560.0,18775.0
458,164.0,1999.0,33839.0,214560.0
459,164.0,2003.0,33839.0,33839.0
460,164.0,2007.0,214452.0,33839.0
461,164.0,2012.0,115526.0,214452.0
462,165.0,1961.0,225515.0,
463,165.0,1964.0,225515.0,225515.0
464,165.0,1967.0,225518.0,225515.0
465,165.0,1970.0,225518.0,225518.0
466,165.0,1973.0,225518.0,225518.0
467,165.0,1976.0,225515.0,225518.0
468,165.0,1979.0,225515.0,225515.0
469,165.0,1982.0,225518.0,225515.0
470,165.0,1985.0,1837.0,225518.0
471,165.0,1988.0,225520.0,1837.0
472,165.0,1991.0,7718.0,225520.0
473,165.0,1994.0,225510.0,7718.0
474,165.0,1996.0,8096.0,225510.0
475,165.0,1997.0,8096.0,8096.0
476,165.0,2000.0,225511.0,8096.0
477,165.0,2003.0,225512.0,225511.0
478,165.0,2006.0,225513.0,225512.0
479,165.0,2009.0,225513.0,225513.0
480,165.0,2013.0,225513.0,225513.0
481,165.0,2016.0,225513.0,225513.0
482,167.0,2016.0,373745.0,
483,17.0,1952.0,112381.0,
484,17.0,1956.0,112379.0,112381.0
485,17.0,1960.0,112379.0,112379.0
486,17.0,1964.0,65468.0,112379.0
487,17.0,1969.0,65463.0,65468.0
488,17.0,1970.0,297827.0,65463.0
489,17.0,1974.0,65463.0,297827.0
490,17.0,1978.0,19648.0,65463.0
491,17.0,1982.0,65462.0,19648.0
492,17.0,1986.0,65461.0,65462.0
493,17.0,1990.0,8608.0,65461.0
494,17.0,1994.0,65460.0,8608.0
495,17.0,1998.0,19650.0,65460.0
496,17.0,2002.0,19646.0,19650.0
497,17.0,2006.0,110933.0,19646.0
498,17.0,2010.0,215064.0,110933.0
499,17.0,2014.0,215061.0,215064.0
500,170.0,1997.0,227198.0,
501,170.0,2001.0,227198.0,227198.0
502,170.0,2005.0,223427.0,227198.0
503,170.0,2009.0,223427.0,223427.0
504,170.0,2013.0,328074.0,223427.0
505,171.0,1979.0,30689.0,
506,171.0,1983.0,230155.0,30689.0
507,171.0,1987.0,227200.0,230155.0
508,171.0,1991.0,227200.0,227200.0
509,171.0,1995.0,227200.0,227200.0
510,172.0,1986.0,36021.0,
511,172.0,1988.0,36021.0,36021.0
512,172.0,1990.0,36026.0,36021.0
513,172.0,1992.0,36027.0,36026.0
514,172.0,1994.0,36021.0,36027.0
515,172.0,1996.0,36021.0,36021.0
516,172.0,1998.0,36021.0,36021.0
517,172.0,2000.0,36021.0,36021.0
518,172.0,2004.0,36021.0,36021.0
519,175.0,1989.0,151350.0,
520,175.0,1997.0,151350.0,151350.0
521,175.0,2001.0,145145.0,151350.0
522,175.0,2005.0,145145.0,145145.0
523,175.0,2009.0,207580.0,145145.0
524,175.0,2013.0,145145.0,207580.0
525,176.0,2007.0,265686.0,
526,176.0,2011.0,265685.0,265686.0
527,176.0,2015.0,345206.0,265685.0
528,177.0,1990.0,219764.0,
529,177.0,1994.0,1483.0,219764.0
530,177.0,1997.0,114993.0,1483.0
531,177.0,1998.0,219762.0,114993.0
532,177.0,2002.0,50219.0,219762.0
533,177.0,2006.0,114993.0,50219.0
534,177.0,2010.0,229227.0,114993.0
535,177.0,2014.0,380517.0,229227.0
536,178.0,1951.0,207601.0,
537,178.0,1953.0,28756.0,207601.0
538,178.0,1955.0,207598.0,28756.0
539,178.0,1957.0,207597.0,207598.0
540,178.0,1959.0,207612.0,207597.0
541,178.0,1961.0,54749.0,207612.0
542,178.0,1963.0,207624.0,54749.0
543,178.0,1965.0,207627.0,207624.0
544,178.0,1967.0,207629.0,207627.0
545,178.0,1969.0,207593.0,207629.0
546,178.0,1971.0,207632.0,207593.0
547,178.0,1973.0,207630.0,207632.0
548,178.0,1975.0,207633.0,207630.0
549,178.0,1977.0,207634.0,207633.0
550,178.0,1979.0,124077.0,207634.0
551,178.0,1982.0,124079.0,124077.0
552,178.0,1983.0,144358.0,124079.0
553,178.0,1984.0,124077.0,144358.0
554,178.0,1985.0,54841.0,124077.0
555,178.0,1987.0,207596.0,54841.0
556,178.0,1989.0,54839.0,207596.0
557,178.0,1990.0,54839.0,54839.0
558,178.0,1991.0,54831.0,54839.0
559,178.0,1993.0,207595.0,54831.0
560,178.0,1995.0,207594.0,207595.0
561,178.0,1997.0,54833.0,207594.0
562,178.0,1999.0,54833.0,54833.0
563,178.0,2003.0,54735.0,54833.0
564,178.0,2007.0,7123.0,54735.0
565,178.0,2012.0,7123.0,7123.0
566,178.0,2016.0,54738.0,7123.0
567,179.0,2007.0,172853.0,
568,179.0,2011.0,172853.0,172853.0
569,179.0,2015.0,172853.0,172853.0
570,18.0,1979.0,334787.0,
571,18.0,1983.0,55481.0,334787.0
572,18.0,1987.0,55481.0,55481.0
573,18.0,1991.0,6474.0,55481.0
574,18.0,1995.0,6474.0,6474.0
575,18.0,1999.0,6474.0,6474.0
576,18.0,2003.0,11139.0,6474.0
577,18.0,2007.0,140950.0,11139.0
578,18.0,2011.0,250934.0,140950.0
579,18.0,2015.0,342518.0,250934.0
580,180.0,2000.0,8939.0,
581,180.0,2004.0,175102.0,8939.0
582,180.0,2008.0,249752.0,175102.0
583,180.0,2012.0,287531.0,249752.0
584,180.0,2016.0,362050.0,287531.0
585,182.0,1974.0,17078.0,
586,182.0,1978.0,17075.0,17078.0
587,182.0,1982.0,48885.0,17075.0
588,182.0,1986.0,68661.0,48885.0
589,182.0,1990.0,107001.0,68661.0
590,182.0,1994.0,32418.0,107001.0
591,182.0,1998.0,2049.0,32418.0
592,182.0,2002.0,68661.0,2049.0
593,182.0,2006.0,77766.0,68661.0
594,182.0,2010.0,219059.0,77766.0
595,182.0,2014.0,337391.0,219059.0
596,187.0,1994.0,2574.0,
597,187.0,1998.0,2574.0,2574.0
598,187.0,2002.0,51508.0,2574.0
599,187.0,2006.0,51508.0,51508.0
600,187.0,2010.0,226216.0,51508.0
601,187.0,2014.0,337525.0,226216.0
602,189.0,2002.0,45173.0,
603,189.0,2006.0,45067.0,45173.0
604,19.0,2001.0,228628.0,
605,19.0,2003.0,228632.0,228628.0
606,19.0,2005.0,95990.0,228632.0
607,19.0,2009.0,228624.0,95990.0
608,19.0,2013.0,330977.0,228624.0
609,190.0,1975.0,62920.0,
610,190.0,1979.0,62921.0,62920.0
611,190.0,1983.0,50411.0,62921.0
612,190.0,1987.0,62928.0,50411.0
613,190.0,1989.0,25223.0,62928.0
614,190.0,1991.0,62934.0,25223.0
615,190.0,1995.0,50412.0,62934.0
616,190.0,1999.0,22882.0,50412.0
617,190.0,2003.0,22882.0,22882.0
618,190.0,2007.0,22882.0,22882.0
619,190.0,2011.0,22882.0,22882.0
620,190.0,2015.0,264001.0,22882.0
621,195.0,1990.0,14728.0,
622,195.0,1994.0,109861.0,14728.0
623,195.0,1998.0,112552.0,109861.0
624,195.0,2002.0,14728.0,112552.0
625,195.0,2006.0,14728.0,14728.0
626,195.0,2010.0,209773.0,14728.0
627,199.0,1968.0,297066.0,
628,199.0,1972.0,95178.0,297066.0
629,199.0,1976.0,12811.0,95178.0
630,199.0,1980.0,12811.0,12811.0
631,199.0,1988.0,12811.0,12811.0
632,199.0,1996.0,87358.0,12811.0
633,199.0,2000.0,61377.0,87358.0
634,199.0,2004.0,44545.0,61377.0
635,199.0,2008.0,44547.0,44545.0
636,199.0,2012.0,285130.0,44547.0
637,199.0,2016.0,362048.0,285130.0
638,2.0,1951.0,8201.0,
639,2.0,1955.0,8200.0,8201.0
640,2.0,1959.0,8200.0,8200.0
641,2.0,1963.0,8200.0,8200.0
642,2.0,1967.0,8200.0,8200.0
643,2.0,1971.0,8200.0,8200.0
644,2.0,1975.0,8200.0,8200.0
645,2.0,1976.0,8213.0,8200.0
646,2.0,1977.0,59838.0,8213.0
647,2.0,1979.0,6569.0,59838.0
648,2.0,1983.0,6568.0,6569.0
649,2.0,1987.0,20025.0,6568.0
650,2.0,1989.0,4544.0,20025.0
651,2.0,1991.0,4544.0,4544.0
652,2.0,1995.0,3685.0,4544.0
653,2.0,1999.0,4544.0,3685.0
654,2.0,2003.0,6564.0,4544.0
655,2.0,2007.0,34069.0,6564.0
656,2.0,2011.0,259542.0,34069.0
657,2.0,2015.0,2813.0,259542.0
658,20.0,1950.0,53893.0,
659,20.0,1952.0,53893.0,53893.0
660,20.0,1954.0,53893.0,53893.0
661,20.0,1957.0,103717.0,53893.0
662,20.0,1958.0,108659.0,103717.0
663,20.0,1962.0,100829.0,108659.0
664,20.0,1966.0,100829.0,100829.0
665,20.0,1970.0,100830.0,100829.0
666,20.0,1974.0,100828.0,100830.0
667,20.0,1978.0,100828.0,100828.0
668,20.0,1982.0,193524.0,100828.0
669,20.0,1986.0,100831.0,193524.0
670,20.0,1990.0,100828.0,100831.0
671,20.0,1994.0,95153.0,100828.0
672,20.0,1998.0,95158.0,95153.0
673,20.0,2002.0,3708.0,95158.0
674,20.0,2006.0,3707.0,3708.0
675,20.0,2008.0,100805.0,3707.0
676,20.0,2009.0,198243.0,100805.0
677,20.0,2010.0,198243.0,198243.0
678,20.0,2014.0,309269.0,198243.0
679,203.0,1996.0,310294.0,
680,203.0,1998.0,310282.0,310294.0
681,203.0,2000.0,107704.0,310282.0
682,203.0,2002.0,77724.0,107704.0
683,203.0,2004.0,153753.0,77724.0
684,203.0,2006.0,153750.0,153753.0
685,203.0,2010.0,225278.0,153750.0
686,203.0,2014.0,254997.0,225278.0
687,204.0,1990.0,144362.0,
688,204.0,1992.0,144359.0,144362.0
689,204.0,1994.0,122649.0,144359.0
690,204.0,2002.0,122653.0,122649.0
691,204.0,2004.0,61098.0,122653.0
692,204.0,2006.0,34267.0,61098.0
693,204.0,2008.0,34267.0,34267.0
694,204.0,2010.0,34267.0,34267.0
695,204.0,2012.0,34267.0,34267.0
696,204.0,2014.0,336246.0,34267.0
697,204.0,2016.0,362063.0,336246.0
698,205.0,2004.0,22111.0,
699,206.0,1998.0,61052.0,
700,206.0,2001.0,213803.0,61052.0
701,206.0,2004.0,213800.0,213803.0
702,206.0,2007.0,213800.0,213800.0
703,206.0,2010.0,239311.0,213800.0
704,206.0,2013.0,329020.0,239311.0
705,206.0,2016.0,366117.0,329020.0
706,21.0,1975.0,19194.0,
707,21.0,1979.0,26431.0,19194.0
708,21.0,1983.0,26431.0,26431.0
709,21.0,1987.0,26431.0,26431.0
710,21.0,1991.0,4962.0,26431.0
711,21.0,1995.0,32065.0,4962.0
712,21.0,1999.0,3988.0,32065.0
713,21.0,2003.0,3988.0,3988.0
714,21.0,2007.0,122555.0,3988.0
715,21.0,2011.0,60497.0,122555.0
716,21.0,2015.0,154848.0,60497.0
717,210.0,2005.0,4269.0,
718,210.0,2009.0,227224.0,4269.0
719,210.0,2013.0,72150.0,227224.0
720,211.0,1984.0,257793.0,
721,211.0,2006.0,233456.0,257793.0
722,211.0,2010.0,233454.0,233456.0
723,211.0,2014.0,7161.0,233454.0
724,213.0,2004.0,131468.0,
725,213.0,2008.0,213830.0,131468.0
726,213.0,2012.0,131469.0,213830.0
727,215.0,1979.0,230160.0,
728,215.0,1983.0,185073.0,230160.0
729,215.0,1989.0,34030.0,185073.0
730,215.0,1997.0,22656.0,34030.0
731,215.0,2001.0,22656.0,22656.0
732,215.0,2003.0,34032.0,22656.0
733,215.0,2004.0,34033.0,34032.0
734,215.0,2005.0,19218.0,34033.0
735,215.0,2009.0,230167.0,19218.0
736,215.0,2013.0,328141.0,230167.0
737,216.0,2002.0,69858.0,
738,216.0,2006.0,94029.0,69858.0
739,218.0,1999.0,245995.0,
740,218.0,2003.0,240858.0,245995.0
741,218.0,2007.0,240858.0,240858.0
742,218.0,2011.0,254573.0,240858.0
743,218.0,2015.0,245995.0,254573.0
744,22.0,1968.0,33334.0,
745,22.0,1972.0,33334.0,33334.0
746,22.0,1976.0,71597.0,33334.0
747,22.0,1980.0,71597.0,71597.0
748,22.0,1984.0,121119.0,71597.0
749,22.0,1988.0,12593.0,121119.0
750,22.0,1992.0,12593.0,12593.0
751,22.0,1993.0,28699.0,12593.0
752,22.0,1994.0,28699.0,28699.0
753,22.0,1998.0,28699.0,28699.0
754,22.0,2002.0,28699.0,28699.0
755,22.0,2006.0,28699.0,28699.0
756,22.0,2010.0,28699.0,28699.0
757,22.0,2014.0,45417.0,28699.0
758,220.0,1982.0,124084.0,
759,220.0,1984.0,189935.0,124084.0
760,220.0,1986.0,8336.0,189935.0
761,220.0,1988.0,2788.0,8336.0
762,220.0,1990.0,124099.0,2788.0
763,220.0,1992.0,124098.0,124099.0
764,220.0,1994.0,124098.0,124098.0
765,220.0,1996.0,124094.0,124098.0
766,220.0,1998.0,124092.0,124094.0
767,220.0,2000.0,124094.0,124092.0
768,220.0,2002.0,124093.0,124094.0
769,220.0,2004.0,124088.0,124093.0
770,220.0,2008.0,30449.0,124088.0
771,220.0,2010.0,165800.0,30449.0
772,220.0,2012.0,288662.0,165800.0
773,220.0,2016.0,360197.0,288662.0
774,221.0,1995.0,232563.0,
775,221.0,1999.0,9058.0,232563.0
776,221.0,2003.0,9035.0,9058.0
777,221.0,2007.0,9035.0,9035.0
778,221.0,2011.0,256788.0,9035.0
779,221.0,2015.0,256788.0,256788.0
780,225.0,1971.0,238546.0,
781,225.0,1975.0,215809.0,238546.0
782,225.0,1979.0,238541.0,215809.0
783,225.0,1982.0,14899.0,238541.0
784,225.0,1986.0,215757.0,14899.0
785,225.0,1990.0,5386.0,215757.0
786,225.0,1994.0,77595.0,5386.0
787,225.0,1999.0,216402.0,77595.0
788,225.0,2003.0,77593.0,216402.0
789,225.0,2007.0,141090.0,77593.0
790,225.0,2009.0,215753.0,141090.0
791,225.0,2013.0,253938.0,215753.0
792,226.0,2007.0,225678.0,
793,227.0,1994.0,89153.0,
794,227.0,1998.0,89158.0,89153.0
795,227.0,2002.0,16007.0,89158.0
796,227.0,2006.0,105336.0,16007.0
797,227.0,2010.0,89164.0,105336.0
798,227.0,2014.0,89164.0,89164.0
799,228.0,1999.0,23307.0,
800,228.0,2004.0,23307.0,23307.0
801,228.0,2008.0,229065.0,23307.0
802,228.0,2012.0,277407.0,229065.0
803,228.0,2016.0,15374.0,277407.0
804,229.0,2010.0,279487.0,
805,229.0,2013.0,279487.0,279487.0
806,229.0,2016.0,370719.0,279487.0
807,23.0,1964.0,222729.0,
808,23.0,1968.0,222728.0,222729.0
809,23.0,1972.0,222734.0,222728.0
810,23.0,1980.0,222734.0,222734.0
811,23.0,1982.0,159097.0,222734.0
812,23.0,1984.0,194068.0,159097.0
813,23.0,1988.0,159097.0,194068.0
814,23.0,1992.0,6658.0,159097.0
815,23.0,1996.0,6518.0,6658.0
816,23.0,2000.0,159096.0,6518.0
817,23.0,2003.0,6518.0,159096.0
818,23.0,2008.0,156958.0,6518.0
819,23.0,2009.0,110479.0,156958.0
820,23.0,2012.0,156964.0,110479.0
821,23.0,2016.0,156968.0,156964.0
822,231.0,2002.0,49229.0,
823,231.0,2006.0,126733.0,49229.0
824,231.0,2010.0,126733.0,126733.0
825,231.0,2014.0,126733.0,126733.0
826,231.0,2015.0,385834.0,126733.0
827,233.0,1990.0,195111.0,
828,233.0,1994.0,195111.0,195111.0
829,233.0,1998.0,195107.0,195111.0
830,233.0,2002.0,153790.0,195107.0
831,233.0,2006.0,151250.0,153790.0
832,233.0,2010.0,151250.0,151250.0
833,233.0,2014.0,293571.0,151250.0
834,234.0,2001.0,208733.0,
835,234.0,2003.0,208730.0,208733.0
836,234.0,2005.0,208726.0,208730.0
837,234.0,2007.0,208728.0,208726.0
838,234.0,2009.0,208727.0,208728.0
839,234.0,2011.0,259384.0,208727.0
840,234.0,2013.0,165197.0,259384.0
841,234.0,2015.0,363792.0,165197.0
842,236.0,1987.0,256787.0,
843,236.0,1991.0,256787.0,256787.0
844,236.0,1995.0,144849.0,256787.0
845,236.0,1999.0,144849.0,144849.0
846,236.0,2003.0,144844.0,144849.0
847,236.0,2007.0,216089.0,144844.0
848,236.0,2010.0,154111.0,216089.0
849,236.0,2011.0,260299.0,154111.0
850,236.0,2015.0,154097.0,260299.0
851,24.0,1975.0,273500.0,
852,24.0,1987.0,6761.0,273500.0
853,24.0,1991.0,2107.0,6761.0
854,24.0,1995.0,2107.0,2107.0
855,24.0,1999.0,6773.0,2107.0
856,24.0,2003.0,66672.0,6773.0
857,24.0,2008.0,135612.0,66672.0
858,24.0,2012.0,277558.0,135612.0
859,24.0,2015.0,346390.0,277558.0
860,240.0,2010.0,13693.0,
861,240.0,2014.0,344294.0,13693.0
862,241.0,1997.0,153787.0,
863,241.0,2001.0,153786.0,153787.0
864,241.0,2005.0,153781.0,153786.0
865,241.0,2009.0,153783.0,153781.0
866,241.0,2013.0,153783.0,153783.0
867,242.0,2010.0,41991.0,
868,248.0,2012.0,296156.0,
869,248.0,2016.0,296155.0,296156.0
870,251.0,2003.0,208268.0,
871,251.0,2007.0,208269.0,208268.0
872,251.0,2011.0,267784.0,208269.0
873,251.0,2015.0,267784.0,267784.0
874,253.0,2002.0,76434.0,
875,254.0,1975.0,233729.0,
876,254.0,1979.0,233724.0,233729.0
877,254.0,1983.0,233726.0,233724.0
878,254.0,1987.0,233723.0,233726.0
879,254.0,1991.0,5631.0,233723.0
880,254.0,1995.0,233705.0,5631.0
881,254.0,1997.0,233710.0,233705.0
882,254.0,1999.0,216405.0,233710.0
883,254.0,2003.0,216404.0,216405.0
884,254.0,2007.0,216404.0,216404.0
885,254.0,2010.0,233706.0,216404.0
886,254.0,2011.0,255258.0,233706.0
887,254.0,2015.0,364474.0,255258.0
888,256.0,1998.0,140900.0,
889,256.0,2012.0,150327.0,140900.0
890,256.0,2014.0,331505.0,150327.0
891,26.0,1983.0,219407.0,
892,26.0,1987.0,219404.0,219407.0
893,26.0,1991.0,219396.0,219404.0
894,26.0,1994.0,13642.0,219396.0
895,26.0,1998.0,19637.0,13642.0
896,26.0,2002.0,19637.0,19637.0
897,26.0,2003.0,70489.0,19637.0
898,26.0,2004.0,116797.0,70489.0
899,26.0,2006.0,219392.0,116797.0
900,26.0,2010.0,116797.0,219392.0
901,26.0,2014.0,219392.0,116797.0
902,261.0,2010.0,246500.0,
903,262.0,1988.0,215818.0,
904,262.0,1990.0,173320.0,215818.0
905,262.0,1992.0,293565.0,173320.0
906,262.0,1994.0,293566.0,293565.0
907,262.0,1996.0,293568.0,293566.0
908,262.0,1998.0,293568.0,293568.0
909,262.0,2000.0,102970.0,293568.0
910,262.0,2002.0,215817.0,102970.0
911,262.0,2004.0,293568.0,215817.0
912,262.0,2006.0,102970.0,293568.0
913,262.0,2008.0,215815.0,102970.0
914,262.0,2010.0,222256.0,215815.0
915,262.0,2012.0,285134.0,222256.0
916,262.0,2014.0,27506.0,285134.0
917,262.0,2016.0,362049.0,27506.0
918,265.0,2002.0,203932.0,
919,265.0,2007.0,203931.0,203932.0
920,265.0,2011.0,203931.0,203931.0
921,265.0,2015.0,228214.0,203931.0
922,269.0,1992.0,207567.0,
923,269.0,1994.0,207566.0,207567.0
924,269.0,1996.0,378196.0,207566.0
925,269.0,2000.0,183.0,378196.0
926,269.0,2002.0,144207.0,183.0
927,269.0,2004.0,144209.0,144207.0
928,269.0,2006.0,144212.0,144209.0
929,269.0,2008.0,144207.0,144212.0
930,269.0,2010.0,144207.0,144207.0
931,269.0,2012.0,288669.0,144207.0
932,269.0,2014.0,288669.0,288669.0
933,269.0,2016.0,288669.0,288669.0
934,27.0,1959.0,39531.0,
935,27.0,1963.0,39531.0,39531.0
936,27.0,1967.0,39884.0,39531.0
937,27.0,1971.0,217047.0,39884.0
938,27.0,1975.0,217047.0,217047.0
939,27.0,1979.0,217047.0,217047.0
940,27.0,1983.0,216633.0,217047.0
941,27.0,1987.0,217048.0,216633.0
942,27.0,1991.0,217058.0,217048.0
943,27.0,1995.0,3424.0,217058.0
944,27.0,1999.0,18612.0,3424.0
945,27.0,2003.0,108147.0,18612.0
946,27.0,2007.0,138482.0,108147.0
947,27.0,2011.0,228188.0,138482.0
948,27.0,2015.0,346244.0,228188.0
949,272.0,1998.0,69853.0,
950,272.0,2002.0,69854.0,69853.0
951,272.0,2003.0,69855.0,69854.0
952,272.0,2006.0,93745.0,69855.0
953,272.0,2010.0,287374.0,93745.0
954,272.0,2014.0,69855.0,287374.0
955,278.0,1999.0,7261.0,
956,278.0,2003.0,7265.0,7261.0
957,278.0,2007.0,7262.0,7265.0
958,278.0,2011.0,259628.0,7262.0
959,278.0,2015.0,259628.0,259628.0
960,28.0,1951.0,100885.0,
961,28.0,1955.0,55447.0,100885.0
962,28.0,1959.0,10063.0,55447.0
963,28.0,1960.0,7430.0,10063.0
964,28.0,1962.0,11075.0,7430.0
965,28.0,1963.0,175711.0,11075.0
966,28.0,1964.0,7430.0,175711.0
967,28.0,1968.0,55450.0,7430.0
968,28.0,1971.0,3545.0,55450.0
969,28.0,1972.0,286.0,3545.0
970,28.0,1976.0,3545.0,286.0
971,28.0,1979.0,245900.0,3545.0
972,28.0,1980.0,8972.0,245900.0
973,28.0,1984.0,8972.0,8972.0
974,28.0,1987.0,8976.0,8972.0
975,28.0,1988.0,8972.0,8976.0
976,28.0,1992.0,8973.0,8972.0
977,28.0,1996.0,8973.0,8973.0
978,28.0,2000.0,6758.0,8973.0
979,28.0,2004.0,11862.0,6758.0
980,28.0,2005.0,3380.0,11862.0
981,28.0,2007.0,17341.0,3380.0
982,28.0,2010.0,21729.0,17341.0
983,28.0,2012.0,277111.0,21729.0
984,281.0,2010.0,234838.0,
985,281.0,2014.0,116466.0,234838.0
986,283.0,2003.0,278822.0,
987,283.0,2007.0,260817.0,278822.0
988,283.0,2011.0,278813.0,260817.0
989,283.0,2015.0,276144.0,278813.0
990,29.0,1994.0,3663.0,
991,29.0,2003.0,3665.0,3663.0
992,29.0,2007.0,110366.0,3665.0
993,29.0,2011.0,253342.0,110366.0
994,29.0,2015.0,173744.0,253342.0
995,293.0,1993.0,79781.0,
996,293.0,1997.0,79781.0,79781.0
997,293.0,2001.0,383208.0,79781.0
998,293.0,2005.0,81970.0,383208.0
999,293.0,2009.0,216382.0,81970.0
1000,293.0,2014.0,334427.0,216382.0
1001,294.0,1966.0,316861.0,
1002,294.0,1968.0,316862.0,316861.0
1003,294.0,1970.0,316861.0,316862.0
1004,294.0,1976.0,316850.0,316861.0
1005,294.0,1978.0,316848.0,316850.0
1006,294.0,1980.0,193530.0,316848.0
1007,294.0,1982.0,193530.0,193530.0
1008,294.0,1984.0,244382.0,193530.0
1009,294.0,1986.0,244381.0,244382.0
1010,294.0,1988.0,193529.0,244381.0
1011,294.0,1990.0,193531.0,193529.0
1012,294.0,1992.0,143347.0,193531.0
1013,294.0,1994.0,12197.0,143347.0
1014,294.0,1996.0,143346.0,12197.0
1015,294.0,1998.0,143254.0,143346.0
1016,294.0,2000.0,143324.0,143254.0
1017,294.0,2002.0,141083.0,143324.0
1018,294.0,2004.0,141084.0,141083.0
1019,294.0,2006.0,141081.0,141084.0
1020,294.0,2008.0,143254.0,141081.0
1021,294.0,2010.0,40672.0,143254.0
1022,294.0,2012.0,40672.0,40672.0
1023,294.0,2014.0,141555.0,40672.0
1024,294.0,2016.0,40672.0,141555.0
1025,296.0,2000.0,9310.0,
1026,296.0,2002.0,20268.0,9310.0
1027,296.0,2004.0,20268.0,20268.0
1028,296.0,2006.0,260304.0,20268.0
1029,296.0,2008.0,22888.0,260304.0
1030,296.0,2012.0,9310.0,22888.0
1031,296.0,2016.0,22888.0,9310.0
1032,297.0,1991.0,208658.0,
1033,297.0,1995.0,208652.0,208658.0
1034,297.0,1999.0,13488.0,208652.0
1035,297.0,2003.0,208654.0,13488.0
1036,297.0,2007.0,174842.0,208654.0
1037,297.0,2011.0,174842.0,174842.0
1038,297.0,2015.0,174842.0,174842.0
1039,298.0,2012.0,277409.0,
1040,298.0,2016.0,242106.0,277409.0
1041,3.0,1964.0,103102.0,
1042,3.0,1966.0,103102.0,103102.0
1043,3.0,1968.0,103102.0,103102.0
1044,3.0,1970.0,103102.0,103102.0
1045,3.0,1972.0,103102.0,103102.0
1046,3.0,1974.0,103101.0,103102.0
1047,3.0,1976.0,103101.0,103101.0
1048,3.0,1978.0,26800.0,103101.0
1049,3.0,1980.0,103099.0,26800.0
1050,3.0,1982.0,103096.0,103099.0
1051,3.0,1984.0,194054.0,103096.0
1052,3.0,1986.0,178642.0,194054.0
1053,3.0,1988.0,178640.0,178642.0
1054,3.0,1990.0,103101.0,178640.0
1055,3.0,1992.0,103095.0,103101.0
1056,3.0,1994.0,178613.0,103095.0
1057,3.0,1996.0,103694.0,178613.0
1058,3.0,1998.0,22959.0,103694.0
1059,3.0,2000.0,22951.0,22959.0
1060,3.0,2002.0,22959.0,22951.0
1061,3.0,2004.0,20845.0,22959.0
1062,3.0,2006.0,103063.0,20845.0
1063,3.0,2008.0,162410.0,103063.0
1064,3.0,2010.0,211993.0,162410.0
1065,3.0,2012.0,283377.0,211993.0
1066,3.0,2014.0,211993.0,283377.0
1067,3.0,2016.0,5894.0,211993.0
1068,30.0,1952.0,151711.0,
1069,30.0,1956.0,93275.0,151711.0
1070,30.0,1960.0,17475.0,93275.0
1071,30.0,1964.0,228406.0,17475.0
1072,30.0,1968.0,228405.0,228406.0
1073,30.0,1972.0,212729.0,228405.0
1074,30.0,1976.0,174118.0,212729.0
1075,30.0,1980.0,93274.0,174118.0
1076,30.0,1984.0,26367.0,93274.0
1077,30.0,1988.0,82808.0,26367.0
1078,30.0,1992.0,93255.0,82808.0
1079,30.0,1996.0,93255.0,93255.0
1080,30.0,2000.0,93255.0,93255.0
1081,30.0,2004.0,1922.0,93255.0
1082,30.0,2008.0,1922.0,1922.0
1083,30.0,2012.0,1922.0,1922.0
1084,30.0,2016.0,176397.0,1922.0
1085,301.0,2003.0,36041.0,
1086,301.0,2006.0,36041.0,36041.0
1087,301.0,2009.0,36053.0,36041.0
1088,301.0,2012.0,36053.0,36053.0
1089,301.0,2015.0,36053.0,36053.0
1090,304.0,2004.0,69862.0,
1091,305.0,2002.0,176625.0,
1092,305.0,2004.0,107091.0,176625.0
1093,305.0,2006.0,109853.0,107091.0
1094,305.0,2007.0,112241.0,109853.0
1095,305.0,2008.0,112241.0,112241.0
1096,305.0,2010.0,36613.0,112241.0
1097,305.0,2012.0,112241.0,36613.0
1098,306.0,1986.0,224485.0,
1099,306.0,1990.0,224492.0,224485.0
1100,306.0,1994.0,224496.0,224492.0
1101,306.0,1998.0,33837.0,224496.0
1102,306.0,2002.0,33837.0,33837.0
1103,306.0,2006.0,219217.0,33837.0
1104,306.0,2010.0,219214.0,219217.0
1105,306.0,2014.0,378901.0,219214.0
1106,307.0,2001.0,223928.0,
1107,307.0,2005.0,221905.0,223928.0
1108,307.0,2009.0,221905.0,221905.0
1109,309.0,2002.0,105885.0,
1110,309.0,2006.0,105884.0,105885.0
1111,309.0,2010.0,105884.0,105884.0
1112,309.0,2014.0,105884.0,105884.0
1113,31.0,1985.0,202493.0,
1114,31.0,1989.0,202494.0,202493.0
1115,31.0,1993.0,497.0,202494.0
1116,31.0,1997.0,156300.0,497.0
1117,31.0,2001.0,101357.0,156300.0
1118,31.0,2005.0,497.0,101357.0
1119,31.0,2009.0,130304.0,497.0
1120,31.0,2013.0,130304.0,130304.0
1121,310.0,2001.0,228119.0,
1122,310.0,2003.0,228119.0,228119.0
1123,310.0,2005.0,228119.0,228119.0
1124,310.0,2007.0,228119.0,228119.0
1125,310.0,2009.0,228118.0,228119.0
1126,310.0,2012.0,228117.0,228118.0
1127,310.0,2016.0,361786.0,228117.0
1128,311.0,1993.0,164199.0,
1129,311.0,1995.0,164199.0,164199.0
1130,311.0,1997.0,164199.0,164199.0
1131,311.0,1999.0,164199.0,164199.0
1132,311.0,2001.0,164200.0,164199.0
1133,311.0,2003.0,84803.0,164200.0
1134,311.0,2005.0,84803.0,84803.0
1135,311.0,2007.0,164198.0,84803.0
1136,311.0,2011.0,281942.0,164198.0
1137,311.0,2013.0,281942.0,281942.0
1138,311.0,2015.0,281942.0,281942.0
1139,312.0,2008.0,294428.0,
1140,312.0,2010.0,294428.0,294428.0
1141,312.0,2012.0,294429.0,294428.0
1142,312.0,2014.0,294429.0,294429.0
1143,312.0,2016.0,364711.0,294429.0
1144,314.0,1977.0,222693.0,
1145,314.0,1979.0,222693.0,222693.0
1146,314.0,1981.0,222691.0,222693.0
1147,314.0,1983.0,221129.0,222691.0
1148,314.0,1985.0,191135.0,221129.0
1149,314.0,1987.0,221132.0,191135.0
1150,314.0,1989.0,221133.0,221132.0
1151,314.0,1991.0,215412.0,221133.0
1152,314.0,1993.0,215412.0,215412.0
1153,314.0,1995.0,215412.0,215412.0
1154,314.0,1997.0,221148.0,215412.0
1155,314.0,1999.0,221148.0,221148.0
1156,314.0,2002.0,22881.0,221148.0
1157,314.0,2004.0,24389.0,22881.0
1158,314.0,2006.0,22881.0,24389.0
1159,314.0,2008.0,191133.0,22881.0
1160,314.0,2010.0,191133.0,191133.0
1161,314.0,2012.0,285215.0,191133.0
1162,314.0,2014.0,337416.0,285215.0
1163,314.0,2016.0,337416.0,337416.0
1164,315.0,1989.0,52310.0,
1165,315.0,1991.0,52310.0,52310.0
1166,315.0,1993.0,219430.0,52310.0
1167,315.0,1995.0,52310.0,219430.0
1168,315.0,1997.0,219428.0,52310.0
1169,315.0,1999.0,219428.0,219428.0
1170,315.0,2001.0,219442.0,219428.0
1171,315.0,2003.0,219439.0,219442.0
1172,315.0,2005.0,219439.0,219439.0
1173,315.0,2007.0,219439.0,219439.0
1174,315.0,2009.0,219439.0,219439.0
1175,315.0,2010.0,255035.0,219439.0
1176,315.0,2012.0,309298.0,255035.0
1177,315.0,2014.0,356344.0,309298.0
1178,315.0,2016.0,219439.0,356344.0
1179,316.0,1998.0,89444.0,
1180,316.0,2002.0,89444.0,89444.0
1181,316.0,2006.0,105771.0,89444.0
1182,316.0,2010.0,89444.0,105771.0
1183,316.0,2014.0,89444.0,89444.0
1184,317.0,1990.0,15424.0,
1185,317.0,1994.0,15833.0,15424.0
1186,317.0,1998.0,370566.0,15833.0
1187,317.0,2002.0,15424.0,370566.0
1188,317.0,2006.0,15424.0,15424.0
1189,317.0,2010.0,14166.0,15424.0
1190,317.0,2014.0,245398.0,14166.0
1191,318.0,1994.0,191073.0,
1192,318.0,1998.0,47035.0,191073.0
1193,318.0,2002.0,191072.0,47035.0
1194,318.0,2006.0,48385.0,191072.0
1195,318.0,2010.0,215846.0,48385.0
1196,318.0,2014.0,339075.0,215846.0
1197,319.0,1990.0,133189.0,
1198,319.0,1994.0,93480.0,133189.0
1199,319.0,1998.0,132803.0,93480.0
1200,319.0,2002.0,93480.0,132803.0
1201,319.0,2006.0,93480.0,93480.0
1202,319.0,2010.0,93480.0,93480.0
1203,319.0,2014.0,93664.0,93480.0
1204,32.0,1987.0,4831.0,
1205,32.0,1991.0,207565.0,4831.0
1206,32.0,1992.0,209119.0,207565.0
1207,32.0,1995.0,3513.0,209119.0
1208,32.0,1996.0,106008.0,3513.0
1209,32.0,1999.0,23661.0,106008.0
1210,32.0,2003.0,23661.0,23661.0
1211,32.0,2008.0,23661.0,23661.0
1212,32.0,2012.0,275738.0,23661.0
1213,32.0,2016.0,275738.0,275738.0
1214,320.0,2002.0,105440.0,
1215,320.0,2006.0,105440.0,105440.0
1216,320.0,2010.0,108604.0,105440.0
1217,320.0,2014.0,211922.0,108604.0
1218,321.0,2000.0,106938.0,
1219,321.0,2004.0,92017.0,106938.0
1220,321.0,2008.0,7414.0,92017.0
1221,321.0,2012.0,105343.0,7414.0
1222,321.0,2016.0,364885.0,105343.0
1223,322.0,2002.0,227450.0,
1224,322.0,2004.0,227445.0,227450.0
1225,322.0,2006.0,227445.0,227445.0
1226,322.0,2007.0,227447.0,227445.0
1227,322.0,2008.0,192456.0,227447.0
1228,322.0,2010.0,192456.0,192456.0
1229,322.0,2012.0,56933.0,192456.0
1230,322.0,2014.0,56933.0,56933.0
1231,322.0,2016.0,56933.0,56933.0
1232,323.0,2010.0,277183.0,
1233,323.0,2011.0,56189.0,277183.0
1234,323.0,2015.0,56192.0,56189.0
1235,324.0,1988.0,21090.0,
1236,324.0,2016.0,21090.0,21090.0
1237,327.0,1999.0,191010.0,
1238,327.0,2003.0,259096.0,191010.0
1239,327.0,2005.0,259067.0,259096.0
1240,327.0,2007.0,98984.0,259067.0
1241,327.0,2009.0,98984.0,98984.0
1242,327.0,2011.0,259063.0,98984.0
1243,327.0,2013.0,259063.0,259063.0
1244,327.0,2015.0,259063.0,259063.0
1245,328.0,1981.0,1879.0,
1246,328.0,1983.0,1879.0,1879.0
1247,328.0,1985.0,1879.0,1879.0
1248,328.0,1987.0,1879.0,1879.0
1249,328.0,1989.0,14807.0,1879.0
1250,328.0,1993.0,175984.0,14807.0
1251,328.0,1995.0,14807.0,175984.0
1252,328.0,1999.0,14807.0,14807.0
1253,328.0,2001.0,328805.0,14807.0
1254,328.0,2003.0,14807.0,328805.0
1255,328.0,2006.0,106203.0,14807.0
1256,328.0,2009.0,25861.0,106203.0
1257,328.0,2012.0,297080.0,25861.0
1258,328.0,2015.0,346262.0,297080.0
1259,329.0,2008.0,256795.0,
1260,329.0,2012.0,384964.0,256795.0
1261,330.0,2012.0,331623.0,
1262,330.0,2016.0,331623.0,331623.0
1263,331.0,2010.0,249886.0,
1264,331.0,2012.0,249886.0,249886.0
1265,331.0,2014.0,249886.0,249886.0
1266,332.0,2011.0,278897.0,
1267,332.0,2015.0,235213.0,278897.0
1268,333.0,2003.0,87514.0,
1269,334.0,2001.0,81030.0,
1270,334.0,2005.0,81030.0,81030.0
1271,334.0,2009.0,119037.0,81030.0
1272,334.0,2013.0,336937.0,119037.0
1273,335.0,1999.0,12038.0,
1274,335.0,2004.0,12027.0,12038.0
1275,335.0,2007.0,12027.0,12027.0
1276,335.0,2011.0,12027.0,12027.0
1277,335.0,2015.0,12027.0,12027.0
1278,336.0,1981.0,96953.0,
1279,336.0,1985.0,96953.0,96953.0
1280,336.0,1989.0,96953.0,96953.0
1281,336.0,1993.0,96953.0,96953.0
1282,336.0,1997.0,96953.0,96953.0
1283,336.0,2001.0,96953.0,96953.0
1284,336.0,2005.0,93949.0,96953.0
1285,336.0,2009.0,93949.0,93949.0
1286,336.0,2013.0,93949.0,93949.0
1287,337.0,2004.0,118082.0,
1288,337.0,2008.0,201435.0,118082.0
1289,337.0,2012.0,289140.0,201435.0
1290,338.0,2005.0,236618.0,
1291,338.0,2009.0,9462.0,236618.0
1292,338.0,2013.0,236618.0,9462.0
1293,339.0,2009.0,296129.0,
1294,339.0,2013.0,296129.0,296129.0
1295,341.0,2005.0,173903.0,
1296,341.0,2009.0,276640.0,173903.0
1297,341.0,2013.0,329590.0,276640.0
1298,342.0,2004.0,286831.0,
1299,342.0,2008.0,286834.0,286831.0
1300,342.0,2012.0,286837.0,286834.0
1301,342.0,2016.0,367634.0,286837.0
1302,343.0,2009.0,236858.0,
1303,344.0,1993.0,167110.0,
1304,344.0,1997.0,31962.0,167110.0
1305,344.0,2000.0,167111.0,31962.0
1306,344.0,2001.0,31967.0,167111.0
1307,344.0,2005.0,31967.0,31967.0
1308,344.0,2009.0,208888.0,31967.0
1309,344.0,2013.0,31967.0,208888.0
1310,345.0,1977.0,39701.0,
1311,345.0,1981.0,39701.0,39701.0
1312,345.0,1985.0,235829.0,39701.0
1313,345.0,1989.0,235831.0,235829.0
1314,345.0,1993.0,235831.0,235831.0
1315,345.0,1997.0,235833.0,235831.0
1316,345.0,2001.0,235835.0,235833.0
1317,345.0,2005.0,235831.0,235835.0
1318,345.0,2009.0,235837.0,235831.0
1319,345.0,2013.0,235836.0,235837.0
1320,346.0,2010.0,237169.0,
1321,347.0,2009.0,330490.0,
1322,347.0,2013.0,330491.0,330490.0
1323,348.0,2004.0,228579.0,
1324,348.0,2007.0,228575.0,228579.0
1325,348.0,2010.0,275184.0,228575.0
1326,348.0,2013.0,384755.0,275184.0
1327,348.0,2016.0,191117.0,384755.0
1328,349.0,1988.0,195659.0,
1329,349.0,1991.0,137330.0,195659.0
1330,349.0,1994.0,213793.0,137330.0
1331,349.0,1997.0,195665.0,213793.0
1332,349.0,2000.0,195662.0,195665.0
1333,349.0,2003.0,195659.0,195662.0
1334,349.0,2006.0,195659.0,195659.0
1335,349.0,2009.0,195659.0,195659.0
1336,349.0,2012.0,195783.0,195659.0
1337,349.0,2015.0,255444.0,195783.0
1338,349.0,2016.0,371405.0,255444.0
1339,35.0,1963.0,202309.0,
1340,35.0,1967.0,202309.0,202309.0
1341,35.0,1971.0,6997.0,202309.0
1342,35.0,1975.0,6997.0,6997.0
1343,35.0,1979.0,173185.0,6997.0
1344,35.0,1983.0,173185.0,173185.0
1345,35.0,1987.0,173185.0,173185.0
1346,35.0,1991.0,30650.0,173185.0
1347,35.0,1995.0,30650.0,30650.0
1348,35.0,1999.0,77977.0,30650.0
1349,35.0,2003.0,77977.0,77977.0
1350,35.0,2007.0,140921.0,77977.0
1351,35.0,2011.0,204733.0,140921.0
1352,35.0,2015.0,204733.0,204733.0
1353,350.0,2008.0,245462.0,
1354,350.0,2010.0,286648.0,245462.0
1355,36.0,1994.0,330983.0,
1356,36.0,1998.0,330983.0,330983.0
1357,36.0,2002.0,330994.0,330983.0
1358,36.0,2006.0,124878.0,330994.0
1359,36.0,2010.0,230182.0,124878.0
1360,36.0,2014.0,337268.0,230182.0
1361,39.0,1997.0,246135.0,
1362,39.0,1999.0,243949.0,246135.0
1363,39.0,2003.0,207931.0,243949.0
1364,39.0,2007.0,207930.0,207931.0
1365,39.0,2011.0,251724.0,207930.0
1366,39.0,2015.0,2457.0,251724.0
1367,4.0,1952.0,18541.0,
1368,4.0,1956.0,23339.0,18541.0
1369,4.0,1960.0,23339.0,23339.0
1370,4.0,1962.0,23337.0,23339.0
1371,4.0,1964.0,23337.0,23337.0
1372,4.0,1968.0,23336.0,23337.0
1373,4.0,1972.0,23626.0,23336.0
1374,4.0,1976.0,23329.0,23626.0
1375,4.0,1980.0,18082.0,23329.0
1376,4.0,1984.0,23332.0,18082.0
1377,4.0,1988.0,23328.0,23332.0
1378,4.0,1992.0,23637.0,23328.0
1379,4.0,1996.0,7519.0,23637.0
1380,4.0,2000.0,4572.0,7519.0
1381,4.0,2004.0,4572.0,4572.0
1382,4.0,2008.0,15921.0,4572.0
1383,4.0,2012.0,288558.0,15921.0
1384,4.0,2016.0,361878.0,288558.0
1385,40.0,2009.0,213257.0,
1386,40.0,2013.0,313171.0,213257.0
1387,41.0,1996.0,21092.0,
1388,41.0,1998.0,297772.0,21092.0
1389,41.0,2000.0,9686.0,297772.0
1390,41.0,2002.0,11016.0,9686.0
1391,41.0,2004.0,11016.0,11016.0
1392,41.0,2005.0,99577.0,11016.0
1393,41.0,2007.0,11016.0,99577.0
1394,41.0,2009.0,224267.0,11016.0
1395,41.0,2011.0,285124.0,224267.0
1396,41.0,2013.0,56318.0,285124.0
1397,41.0,2015.0,56318.0,56318.0
1398,42.0,1995.0,7564.0,
1399,42.0,1997.0,7564.0,7564.0
1400,42.0,2001.0,7562.0,7564.0
1401,42.0,2005.0,7562.0,7562.0
1402,42.0,2009.0,74279.0,7562.0
1403,42.0,2011.0,4667.0,74279.0
1404,42.0,2013.0,135378.0,4667.0
1405,43.0,1957.0,50194.0,
1406,43.0,1959.0,274265.0,50194.0
1407,43.0,1961.0,274267.0,274265.0
1408,43.0,1963.0,274269.0,274267.0
1409,43.0,1965.0,274272.0,274269.0
1410,43.0,1967.0,274274.0,274272.0
1411,43.0,1973.0,228504.0,274274.0
1412,43.0,1975.0,228502.0,228504.0
1413,43.0,1977.0,5161.0,228502.0
1414,43.0,1979.0,228508.0,5161.0
1415,43.0,1981.0,22001.0,228508.0
1416,43.0,1983.0,22001.0,22001.0
1417,43.0,1985.0,22002.0,22001.0
1418,43.0,1987.0,22002.0,22002.0
1419,43.0,1989.0,22002.0,22002.0
1420,43.0,1993.0,190961.0,22002.0
1421,43.0,1996.0,190963.0,190961.0
1422,43.0,1998.0,194044.0,190963.0
1423,43.0,2002.0,22879.0,194044.0
1424,43.0,2006.0,5161.0,22879.0
1425,43.0,2010.0,218554.0,5161.0
1426,43.0,2014.0,218554.0,218554.0
1427,44.0,1978.0,45394.0,
1428,44.0,1982.0,45394.0,45394.0
1429,44.0,1986.0,61040.0,45394.0
1430,44.0,1991.0,45393.0,61040.0
1431,44.0,1995.0,45393.0,45393.0
1432,44.0,1999.0,45385.0,45393.0
1433,44.0,2003.0,6277.0,45385.0
1434,44.0,2007.0,117949.0,6277.0
1435,44.0,2011.0,255325.0,117949.0
1436,44.0,2015.0,345837.0,255325.0
1437,45.0,1969.0,176538.0,
1438,45.0,1971.0,176538.0,176538.0
1439,45.0,1974.0,22043.0,176538.0
1440,45.0,1976.0,176538.0,22043.0
1441,45.0,1978.0,123472.0,176538.0
1442,45.0,1980.0,221604.0,123472.0
1443,45.0,1982.0,16769.0,221604.0
1444,45.0,1986.0,207086.0,16769.0
1445,45.0,1990.0,16769.0,207086.0
1446,45.0,1994.0,8292.0,16769.0
1447,45.0,1998.0,8292.0,8292.0
1448,45.0,2002.0,8294.0,8292.0
1449,45.0,2006.0,8294.0,8294.0
1450,45.0,2010.0,374.0,8294.0
1451,45.0,2014.0,40473.0,374.0
1452,47.0,1993.0,228580.0,
1453,47.0,1995.0,582.0,228580.0
1454,47.0,1999.0,582.0,582.0
1455,47.0,2003.0,207906.0,582.0
1456,47.0,2007.0,207909.0,207906.0
1457,47.0,2011.0,207916.0,207909.0
1458,47.0,2015.0,344694.0,207916.0
1459,48.0,1958.0,156194.0,
1460,48.0,1962.0,197508.0,156194.0
1461,48.0,1966.0,197508.0,197508.0
1462,48.0,1970.0,36451.0,197508.0
1463,48.0,1974.0,36451.0,36451.0
1464,48.0,1978.0,102575.0,36451.0
1465,48.0,1982.0,17714.0,102575.0
1466,48.0,1986.0,102574.0,17714.0
1467,48.0,1990.0,113790.0,102574.0
1468,48.0,1994.0,18442.0,113790.0
1469,48.0,1998.0,18442.0,18442.0
1470,48.0,2002.0,14461.0,18442.0
1471,48.0,2006.0,14461.0,14461.0
1472,48.0,2010.0,112445.0,14461.0
1473,48.0,2014.0,8250.0,112445.0
1474,49.0,2007.0,258054.0,
1475,49.0,2009.0,258048.0,258054.0
1476,49.0,2011.0,258048.0,258048.0
1477,49.0,2013.0,330982.0,258048.0
1478,49.0,2015.0,258049.0,330982.0
1479,5.0,1950.0,201722.0,
1480,5.0,1952.0,132108.0,201722.0
1481,5.0,1954.0,248288.0,132108.0
1482,5.0,1956.0,248285.0,248288.0
1483,5.0,1958.0,248284.0,248285.0
1484,5.0,1960.0,132095.0,248284.0
1485,5.0,1962.0,132095.0,132095.0
1486,5.0,1964.0,248281.0,132095.0
1487,5.0,1966.0,96184.0,248281.0
1488,5.0,1968.0,96184.0,96184.0
1489,5.0,1970.0,224880.0,96184.0
1490,5.0,1972.0,96183.0,224880.0
1491,5.0,1974.0,132096.0,96183.0
1492,5.0,1976.0,99082.0,132096.0
1493,5.0,1978.0,99082.0,99082.0
1494,5.0,1980.0,99082.0,99082.0
1495,5.0,1982.0,110100.0,99082.0
1496,5.0,1984.0,3512.0,110100.0
1497,5.0,1986.0,3512.0,3512.0
1498,5.0,1988.0,3512.0,3512.0
1499,5.0,1990.0,463.0,3512.0
1500,5.0,1992.0,463.0,463.0
1501,5.0,1994.0,91744.0,463.0
1502,5.0,1996.0,86793.0,91744.0
1503,5.0,2000.0,86793.0,86793.0
1504,5.0,2004.0,86792.0,86793.0
1505,5.0,2008.0,86792.0,86792.0
1506,5.0,2012.0,131790.0,86792.0
1507,5.0,2016.0,131790.0,131790.0
1508,50.0,1950.0,289821.0,
1509,50.0,1952.0,247029.0,289821.0
1510,50.0,1954.0,247029.0,247029.0
1511,50.0,1956.0,81493.0,247029.0
1512,50.0,1958.0,81493.0,81493.0
1513,50.0,1960.0,289822.0,81493.0
1514,50.0,1962.0,289230.0,289822.0
1515,50.0,1964.0,132988.0,289230.0
1516,50.0,1966.0,132988.0,132988.0
1517,50.0,1968.0,119432.0,132988.0
1518,50.0,1970.0,119432.0,119432.0
1519,50.0,1972.0,11643.0,119432.0
1520,50.0,1974.0,11643.0,11643.0
1521,50.0,1976.0,11643.0,11643.0
1522,50.0,1978.0,4667.0,11643.0
1523,50.0,1979.0,298.0,4667.0
1524,50.0,1980.0,298.0,298.0
1525,50.0,1982.0,112350.0,298.0
1526,50.0,1986.0,298.0,112350.0
1527,50.0,1990.0,100262.0,298.0
1528,50.0,1994.0,100262.0,100262.0
1529,50.0,1998.0,100262.0,100262.0
1530,50.0,2002.0,38916.0,100262.0
1531,50.0,2006.0,83330.0,38916.0
1532,50.0,2010.0,83330.0,83330.0
1533,50.0,2014.0,83330.0,83330.0
1534,52.0,1955.0,234565.0,
1535,52.0,1956.0,234566.0,234565.0
1536,52.0,1959.0,32617.0,234566.0
1537,52.0,1963.0,234566.0,32617.0
1538,52.0,1967.0,191433.0,234566.0
1539,52.0,1971.0,234575.0,191433.0
1540,52.0,1974.0,234578.0,234575.0
1541,52.0,1975.0,234576.0,234578.0
1542,52.0,1979.0,7137.0,234576.0
1543,52.0,1983.0,191430.0,7137.0
1544,52.0,1986.0,173783.0,191430.0
1545,52.0,1987.0,83498.0,173783.0
1546,52.0,1991.0,8885.0,83498.0
1547,52.0,1995.0,191434.0,8885.0
1548,52.0,1999.0,191433.0,191434.0
1549,52.0,2003.0,7136.0,191433.0
1550,52.0,2007.0,170443.0,7136.0
1551,52.0,2011.0,7135.0,170443.0
1552,52.0,2015.0,7135.0,7135.0
1553,53.0,2012.0,284747.0,
1554,53.0,2016.0,20017.0,284747.0
1555,55.0,1999.0,302314.0,
1556,55.0,2003.0,315100.0,302314.0
1557,55.0,2007.0,3613.0,315100.0
1558,55.0,2010.0,257978.0,3613.0
1559,55.0,2015.0,356336.0,257978.0
1560,56.0,1994.0,233632.0,
1561,56.0,1996.0,136271.0,233632.0
1562,56.0,1998.0,136271.0,136271.0
1563,56.0,2000.0,233645.0,136271.0
1564,56.0,2002.0,136271.0,233645.0
1565,56.0,2004.0,136272.0,136271.0
1566,56.0,2006.0,136273.0,136272.0
1567,56.0,2008.0,208916.0,136273.0
1568,56.0,2010.0,255802.0,208916.0
1569,56.0,2012.0,208916.0,255802.0
1570,56.0,2014.0,356343.0,208916.0
1571,56.0,2016.0,233644.0,356343.0
1572,57.0,2012.0,322721.0,
1573,57.0,2016.0,381396.0,322721.0
1574,58.0,1998.0,136327.0,
1575,58.0,2002.0,307493.0,136327.0
1576,58.0,2006.0,136328.0,307493.0
1577,58.0,2010.0,306779.0,136328.0
1578,58.0,2013.0,307485.0,306779.0
1579,58.0,2016.0,380359.0,307485.0
1580,59.0,1953.0,221565.0,
1581,59.0,1957.0,221566.0,221565.0
1582,59.0,1961.0,221568.0,221566.0
1583,59.0,1965.0,206782.0,221568.0
1584,59.0,1969.0,206783.0,206782.0
1585,59.0,1973.0,206785.0,206783.0
1586,59.0,1977.0,195755.0,206785.0
1587,59.0,1981.0,157142.0,195755.0
1588,59.0,1985.0,157142.0,157142.0
1589,59.0,1989.0,157142.0,157142.0
1590,59.0,1993.0,187594.0,157142.0
1591,59.0,1997.0,76789.0,187594.0
1592,59.0,2001.0,76786.0,76789.0
1593,59.0,2005.0,76769.0,76786.0
1594,59.0,2009.0,72710.0,76769.0
1595,59.0,2013.0,262012.0,72710.0
1596,6.0,2001.0,48832.0,
1597,6.0,2003.0,48833.0,48832.0
1598,6.0,2005.0,78339.0,48833.0
1599,6.0,2007.0,33199.0,78339.0
1600,6.0,2009.0,33199.0,33199.0
1601,6.0,2011.0,78338.0,33199.0
1602,6.0,2013.0,329209.0,78338.0
1603,6.0,2014.0,345959.0,329209.0
1604,6.0,2015.0,345959.0,345959.0
1605,60.0,2003.0,141005.0,
1606,60.0,2007.0,84330.0,141005.0
1607,60.0,2011.0,259097.0,84330.0
1608,60.0,2015.0,259097.0,259097.0
1609,62.0,1950.0,266458.0,
1610,62.0,1954.0,266457.0,266458.0
1611,62.0,1958.0,266456.0,266457.0
1612,62.0,1960.0,266455.0,266456.0
1613,62.0,1962.0,266454.0,266455.0
1614,62.0,1966.0,266453.0,266454.0
1615,62.0,1970.0,122762.0,266453.0
1616,62.0,1974.0,8512.0,122762.0
1617,62.0,1978.0,122766.0,8512.0
1618,62.0,1982.0,122766.0,122766.0
1619,62.0,1986.0,122766.0,122766.0
1620,62.0,1990.0,181968.0,122766.0
1621,62.0,1994.0,6627.0,181968.0
1622,62.0,1998.0,6627.0,6627.0
1623,62.0,2002.0,83131.0,6627.0
1624,62.0,2006.0,106773.0,83131.0
1625,62.0,2007.0,159228.0,106773.0
1626,62.0,2010.0,136571.0,159228.0
1627,62.0,2014.0,215201.0,136571.0
1628,63.0,1982.0,66983.0,
1629,63.0,1986.0,66983.0,66983.0
1630,63.0,1990.0,21897.0,66983.0
1631,63.0,1994.0,13.0,21897.0
1632,63.0,1996.0,13.0,13.0
1633,63.0,1998.0,13.0,13.0
1634,63.0,2002.0,6651.0,13.0
1635,63.0,2006.0,6657.0,6651.0
1636,63.0,2010.0,6657.0,6657.0
1637,63.0,2014.0,38824.0,6657.0
1638,64.0,1981.0,460.0,
1639,64.0,1984.0,460.0,460.0
1640,64.0,1987.0,20248.0,460.0
1641,64.0,1990.0,20248.0,20248.0
1642,64.0,1994.0,9095.0,20248.0
1643,64.0,1997.0,275188.0,9095.0
1644,64.0,2000.0,9093.0,275188.0
1645,64.0,2003.0,2569.0,9093.0
1646,64.0,2006.0,2560.0,2569.0
1647,64.0,2009.0,208164.0,2560.0
1648,64.0,2012.0,208171.0,208164.0
1649,64.0,2015.0,19082.0,208171.0
1650,65.0,1975.0,75376.0,
1651,65.0,1977.0,6967.0,75376.0
1652,65.0,1978.0,75376.0,6967.0
1653,65.0,1992.0,75375.0,75376.0
1654,65.0,1993.0,12213.0,75375.0
1655,65.0,1995.0,12213.0,12213.0
1656,65.0,1997.0,12213.0,12213.0
1657,65.0,1999.0,12574.0,12213.0
1658,65.0,2001.0,12574.0,12574.0
1659,65.0,2005.0,10860.0,12574.0
1660,65.0,2009.0,12275.0,10860.0
1661,65.0,2014.0,73399.0,12275.0
1662,66.0,1997.0,302715.0,
1663,66.0,2001.0,39347.0,302715.0
1664,66.0,2005.0,39347.0,39347.0
1665,66.0,2009.0,237337.0,39347.0
1666,66.0,2013.0,237337.0,237337.0
1667,67.0,2004.0,23787.0,
1668,67.0,2005.0,23788.0,23787.0
1669,67.0,2007.0,161643.0,23788.0
1670,67.0,2009.0,228173.0,161643.0
1671,67.0,2011.0,285125.0,228173.0
1672,67.0,2012.0,285125.0,285125.0
1673,67.0,2014.0,338309.0,285125.0
1674,67.0,2015.0,362061.0,338309.0
1675,68.0,2013.0,332810.0,
1676,69.0,1958.0,300406.0,
1677,69.0,1962.0,20365.0,300406.0
1678,69.0,1966.0,20365.0,20365.0
1679,69.0,1970.0,173088.0,20365.0
1680,69.0,1974.0,173088.0,173088.0
1681,69.0,1978.0,173088.0,173088.0
1682,69.0,1982.0,173088.0,173088.0
1683,69.0,1986.0,300421.0,173088.0
1684,69.0,1990.0,4773.0,300421.0
1685,69.0,1994.0,9615.0,4773.0
1686,69.0,1998.0,243349.0,9615.0
1687,69.0,2002.0,33712.0,243349.0
1688,69.0,2006.0,6604.0,33712.0
1689,69.0,2010.0,243331.0,6604.0
1690,69.0,2013.0,8988.0,243331.0
1691,69.0,2014.0,307430.0,8988.0
1692,7.0,1955.0,108088.0,
1693,7.0,1959.0,108088.0,108088.0
1694,7.0,1963.0,108085.0,108088.0
1695,7.0,1967.0,108085.0,108085.0
1696,7.0,1971.0,108084.0,108085.0
1697,7.0,1975.0,108167.0,108084.0
1698,7.0,1979.0,263307.0,108167.0
1699,7.0,1983.0,13988.0,263307.0
1700,7.0,1984.0,63376.0,13988.0
1701,7.0,1986.0,108080.0,63376.0
1702,7.0,1988.0,13987.0,108080.0
1703,7.0,1992.0,13981.0,13987.0
1704,7.0,1996.0,13975.0,13981.0
1705,7.0,2000.0,13967.0,13975.0
1706,7.0,2004.0,13967.0,13967.0
1707,7.0,2005.0,87396.0,13967.0
1708,7.0,2009.0,87396.0,87396.0
1709,7.0,2012.0,88609.0,87396.0
1710,7.0,2013.0,181120.0,88609.0
1711,7.0,2014.0,63305.0,181120.0
1712,7.0,2016.0,35928.0,63305.0
1713,70.0,1978.0,306310.0,
1714,70.0,1980.0,20658.0,306310.0
1715,70.0,1982.0,27842.0,20658.0
1716,70.0,1984.0,246688.0,27842.0
1717,70.0,1986.0,246688.0,246688.0
1718,70.0,1988.0,246689.0,246688.0
1719,70.0,1990.0,246687.0,246689.0
1720,70.0,1992.0,246687.0,246687.0
1721,70.0,1994.0,17168.0,246687.0
1722,70.0,1998.0,17168.0,17168.0
1723,70.0,2002.0,76618.0,17168.0
1724,70.0,2006.0,17168.0,76618.0
1725,70.0,2010.0,242091.0,17168.0
1726,70.0,2014.0,244908.0,242091.0
1727,70.0,2015.0,359465.0,244908.0
1728,71.0,1967.0,101589.0,
1729,71.0,1971.0,101589.0,101589.0
1730,71.0,1975.0,8504.0,101589.0
1731,71.0,1979.0,8504.0,8504.0
1732,71.0,1983.0,101588.0,8504.0
1733,71.0,1987.0,58504.0,101588.0
1734,71.0,1991.0,492.0,58504.0
1735,71.0,1995.0,492.0,492.0
1736,71.0,1999.0,7449.0,492.0
1737,71.0,2003.0,7447.0,7449.0
1738,71.0,2007.0,13238.0,7447.0
1739,71.0,2011.0,13238.0,13238.0
1740,71.0,2015.0,13238.0,13238.0
1741,72.0,1956.0,247226.0,
1742,72.0,1960.0,247226.0,247226.0
1743,72.0,1964.0,247212.0,247226.0
1744,72.0,1967.0,247220.0,247212.0
1745,72.0,1969.0,247212.0,247220.0
1746,72.0,1973.0,247213.0,247212.0
1747,72.0,1977.0,247208.0,247213.0
1748,72.0,1981.0,247208.0,247208.0
1749,72.0,1985.0,39301.0,247208.0
1750,72.0,1989.0,97548.0,39301.0
1751,72.0,1993.0,39301.0,97548.0
1752,72.0,1996.0,6988.0,39301.0
1753,72.0,2000.0,247193.0,6988.0
1754,72.0,2003.0,3534.0,247193.0
1755,72.0,2004.0,33824.0,3534.0
1756,72.0,2005.0,77311.0,33824.0
1757,72.0,2008.0,3534.0,77311.0
1758,72.0,2012.0,302408.0,3534.0
1759,72.0,2016.0,372087.0,302408.0
1760,74.0,1973.0,160700.0,
1761,74.0,1977.0,216545.0,160700.0
1762,74.0,1981.0,216543.0,216545.0
1763,74.0,1985.0,219061.0,216543.0
1764,74.0,1989.0,216543.0,219061.0
1765,74.0,1992.0,532.0,216543.0
1766,74.0,1993.0,532.0,532.0
1767,74.0,1997.0,532.0,532.0
1768,74.0,2001.0,6634.0,532.0
1769,74.0,2004.0,24451.0,6634.0
1770,74.0,2005.0,65973.0,24451.0
1771,74.0,2009.0,6637.0,65973.0
1772,74.0,2013.0,219565.0,6637.0
1773,75.0,2000.0,6844.0,
1774,75.0,2002.0,86803.0,6844.0
1775,75.0,2004.0,86803.0,86803.0
1776,75.0,2006.0,86803.0,86803.0
1777,75.0,2009.0,86803.0,86803.0
1778,75.0,2011.0,6844.0,86803.0
1779,75.0,2013.0,6844.0,6844.0
1780,75.0,2015.0,6844.0,6844.0
1781,76.0,1996.0,276.0,
1782,76.0,2008.0,166680.0,276.0
1783,76.0,2012.0,166680.0,166680.0
1784,76.0,2016.0,166680.0,166680.0
1785,77.0,1954.0,110031.0,
1786,77.0,1958.0,46370.0,110031.0
1787,77.0,1962.0,76370.0,46370.0
1788,77.0,1966.0,76662.0,76370.0
1789,77.0,1970.0,46370.0,76662.0
1790,77.0,1974.0,66228.0,46370.0
1791,77.0,1978.0,19341.0,66228.0
1792,77.0,1982.0,19341.0,19341.0
1793,77.0,1986.0,19341.0,19341.0
1794,77.0,1990.0,63640.0,19341.0
1795,77.0,1994.0,63730.0,63640.0
1796,77.0,1998.0,48647.0,63730.0
1797,77.0,2002.0,93739.0,48647.0
1798,77.0,2006.0,6121.0,93739.0
1799,77.0,2010.0,6121.0,6121.0
1800,77.0,2014.0,6121.0,6121.0
1801,78.0,1997.0,228127.0,
1802,78.0,1999.0,228127.0,228127.0
1803,78.0,2001.0,44654.0,228127.0
1804,78.0,2003.0,44333.0,44654.0
1805,78.0,2004.0,44655.0,44333.0
1806,78.0,2005.0,44655.0,44655.0
1807,78.0,2007.0,44654.0,44655.0
1808,78.0,2009.0,44654.0,44654.0
1809,78.0,2011.0,285120.0,44654.0
1810,78.0,2013.0,285120.0,285120.0
1811,78.0,2015.0,362058.0,285120.0
1812,79.0,2001.0,208317.0,
1813,79.0,2006.0,221626.0,208317.0
1814,79.0,2010.0,221636.0,221626.0
1815,79.0,2014.0,101212.0,221636.0
1816,8.0,1961.0,34064.0,
1817,8.0,1963.0,34064.0,34064.0
1818,8.0,1964.0,290793.0,34064.0
1819,8.0,1965.0,290793.0,290793.0
1820,8.0,1967.0,290793.0,290793.0
1821,8.0,1969.0,290795.0,290793.0
1822,8.0,1971.0,228561.0,290795.0
1823,8.0,1973.0,228561.0,228561.0
1824,8.0,1975.0,228561.0,228561.0
1825,8.0,1976.0,290806.0,228561.0
1826,8.0,1977.0,290804.0,290806.0
1827,8.0,1980.0,290806.0,290804.0
1828,8.0,1981.0,296168.0,290806.0
1829,8.0,1983.0,296170.0,296168.0
1830,8.0,1985.0,215792.0,296170.0
1831,8.0,1987.0,216549.0,215792.0
1832,8.0,1989.0,216549.0,216549.0
1833,8.0,1991.0,18567.0,216549.0
1834,8.0,1995.0,52.0,18567.0
1835,8.0,1999.0,22963.0,52.0
1836,8.0,2002.0,6236.0,22963.0
1837,8.0,2003.0,8527.0,6236.0
1838,8.0,2007.0,135592.0,8527.0
1839,8.0,2011.0,261941.0,135592.0
1840,8.0,2015.0,261941.0,261941.0
1841,82.0,2008.0,231039.0,
1842,82.0,2012.0,231038.0,231039.0
1843,83.0,1969.0,76766.0,
1844,83.0,1971.0,76766.0,76766.0
1845,83.0,1973.0,14994.0,76766.0
1846,83.0,1975.0,14994.0,14994.0
1847,83.0,1977.0,14994.0,14994.0
1848,83.0,1983.0,227422.0,14994.0
1849,83.0,1985.0,227422.0,227422.0
1850,83.0,1987.0,227422.0,227422.0
1851,83.0,1989.0,14994.0,227422.0
1852,83.0,1991.0,14994.0,14994.0
1853,83.0,1995.0,14994.0,14994.0
1854,83.0,1997.0,173751.0,14994.0
1855,83.0,1999.0,173753.0,173751.0
1856,83.0,2003.0,173749.0,173753.0
1857,83.0,2007.0,93083.0,173749.0
1858,83.0,2011.0,14994.0,93083.0
1859,83.0,2015.0,14994.0,14994.0
1860,84.0,2001.0,86875.0,
1861,84.0,2005.0,86875.0,86875.0
1862,84.0,2009.0,213813.0,86875.0
1863,85.0,2016.0,47878.0,
1864,86.0,2003.0,39891.0,
1865,86.0,2007.0,39891.0,39891.0
1866,86.0,2011.0,39891.0,39891.0
1867,86.0,2015.0,364487.0,39891.0
1868,87.0,1998.0,23782.0,
1869,87.0,2001.0,228168.0,23782.0
1870,87.0,2002.0,23782.0,228168.0
1871,87.0,2005.0,23781.0,23782.0
1872,87.0,2009.0,23781.0,23781.0
1873,87.0,2013.0,338310.0,23781.0
1874,88.0,1980.0,130369.0,
1875,88.0,1982.0,130369.0,130369.0
1876,88.0,1984.0,130369.0,130369.0
1877,88.0,1986.0,130369.0,130369.0
1878,88.0,1988.0,130369.0,130369.0
1879,88.0,1990.0,130369.0,130369.0
1880,88.0,1992.0,131464.0,130369.0
1881,88.0,1993.0,86798.0,131464.0
1882,88.0,1994.0,86798.0,86798.0
1883,88.0,1996.0,86798.0,86798.0
1884,88.0,1998.0,86798.0,86798.0
1885,88.0,2000.0,86798.0,86798.0
1886,88.0,2002.0,86798.0,86798.0
1887,88.0,2004.0,86798.0,86798.0
1888,88.0,2009.0,86798.0,86798.0
1889,89.0,1981.0,23534.0,
1890,89.0,1984.0,23535.0,23534.0
1891,89.0,1986.0,23534.0,23535.0
1892,89.0,1988.0,23539.0,23534.0
1893,89.0,1990.0,207531.0,23539.0
1894,89.0,1993.0,23534.0,207531.0
1895,89.0,1994.0,23534.0,23534.0
1896,89.0,1998.0,23534.0,23534.0
1897,89.0,2002.0,23534.0,23534.0
1898,89.0,2005.0,15558.0,23534.0
1899,89.0,2009.0,24997.0,15558.0
1900,89.0,2011.0,285201.0,24997.0
1901,89.0,2013.0,337990.0,285201.0
1902,9.0,1971.0,291905.0,
1903,9.0,1975.0,248855.0,291905.0
1904,9.0,1979.0,327147.0,248855.0
1905,9.0,1983.0,78583.0,327147.0
1906,9.0,1987.0,78583.0,78583.0
1907,9.0,1991.0,137219.0,78583.0
1908,9.0,1995.0,39751.0,137219.0
1909,9.0,1999.0,92315.0,39751.0
1910,9.0,2003.0,92317.0,92315.0
1911,9.0,2007.0,111116.0,92317.0
1912,9.0,2011.0,92319.0,111116.0
1913,9.0,2015.0,131967.0,92319.0
1914,91.0,1980.0,214094.0,
1915,91.0,1984.0,214094.0,214094.0
1916,91.0,1988.0,214094.0,214094.0
1917,91.0,1992.0,139732.0,214094.0
1918,91.0,1996.0,214095.0,139732.0
1919,91.0,2000.0,86799.0,214095.0
1920,91.0,2004.0,86799.0,86799.0
1921,91.0,2009.0,213827.0,86799.0
1922,91.0,2013.0,383662.0,213827.0
1923,92.0,2008.0,237118.0,
1924,92.0,2011.0,383452.0,237118.0
1925,92.0,2014.0,383452.0,383452.0
1926,94.0,2001.0,225489.0,
1927,94.0,2005.0,203388.0,225489.0
1928,94.0,2009.0,225491.0,203388.0
1929,94.0,2013.0,328381.0,225491.0
1930,95.0,1996.0,221735.0,
1931,95.0,2000.0,221735.0,221735.0
1932,95.0,2004.0,221733.0,221735.0
1933,95.0,2008.0,221733.0,221733.0
1934,95.0,2012.0,221735.0,221733.0
1935,95.0,2013.0,281952.0,221735.0
1936,97.0,2005.0,92559.0,
1937,97.0,2009.0,48133.0,92559.0
1938,97.0,2013.0,48133.0,48133.0
1939,98.0,2003.0,26518.0,
1940,98.0,2004.0,26527.0,26518.0
1941,98.0,2008.0,25370.0,26527.0
1942,98.0,2012.0,294285.0,25370.0
1943,98.0,2016.0,300035.0,294285.0
